screen,smallness,misalignment,imbalance,density,elems,groups,ungroupeds
320,0.8702947411725082,0.5516066212268744,0.46817360389058726,0.2566767697881828,40,13,0
39729,0.6087250712250712,0.4,0.7328236359713729,0.23379784466740988,6,1,0
8555,0.6773202341137123,0.4444444444444444,0.8224041533546326,0.2774746841322928,9,1,0
38398,0.7345428714711362,0.4351943550383759,0.7696763590913445,0.4639414367335563,19,2,0
66542,0.6580961185851548,0.3474870017331023,0.7879952044967546,0.19227459587513937,6,2,0
50721,0.6624596269611718,0.5,0.778203811835588,0.5988419151802304,13,2,0
68970,0.7635580904602643,0.5,0.6505455511031719,0.1818547356930509,7,1,0
39647,0.7962160886298267,0.4654735914077136,0.528673305530535,0.7273013633407656,24,3,0
7953,0.5926716701173222,0.0,0.059523809523809534,0.40157004830917875,14,1,0
19574,0.6311444527024237,0.3999999999999999,0.8034977324263038,0.41926880109624676,9,1,0
49936,0.5884874183787228,0.6111111111111112,0.7599046390565256,0.29146982998885174,7,1,0
18942,0.5090041798241975,0.0,0.2971025752376997,0.7610823694723151,9,3,0
12675,0.7563732730558931,0.49200307902839546,0.5320862384530217,0.31711346850613154,9,4,0
24965,0.6459332032701598,0.33333333333333326,0.6092333471531233,0.2906296451133408,4,1,0
34389,0.6078401771336555,0.25,0.5973701601617167,0.17822719249349683,3,1,0
58072,0.7824018275019047,0.25,0.8416997833831402,0.3238535279635823,19,2,0
546,0.849303453617525,0.5,0.55681977049364,0.06692476077666296,8,4,0
25075,0.7588818399682639,0.5,0.3740627747150256,0.07901163600891863,3,2,0
18483,0.8217497866844683,0.26745544742630223,0.5718556666013179,0.5761612783351914,25,4,0
43086,0.7912999301381394,0.5,0.55311120589253,0.1012399549424006,5,2,0
26246,0.7559071969080957,0.21327793333935507,0.7610589431026188,0.18680758779264214,8,2,0
8659,0.798157741709318,0.26293430717174227,0.61443702490082,0.590976867335563,39,8,0
8613,0.828453354540311,0.41852989352989356,0.5864895161391919,0.1824234717577109,16,3,0
6013,0.8159609720685363,0.5711678832116789,0.07956648379867703,0.7084175260126347,25,23,0
38792,0.8230665609701341,0.4166299073665637,0.4682583941846723,0.17798187244518768,17,8,0
46814,0.7036484110605276,0.27926421404682267,0.7345042605003376,0.27675091740988483,7,2,0
9828,0.7201737946767108,0.4261627906976745,0.44298830594164107,0.3758924424005946,20,12,0
17135,0.7588999375365089,0.5,0.48652599164594024,0.0667827945001858,5,2,0
70174,0.8851148798231179,0.5,0.5867216507465323,0.032072475380899294,4,2,0
38968,0.7201737946767108,0.4261627906976745,0.44298830594164107,0.3758924424005946,20,12,0
295,0.8721841672674427,0.5390092502434274,0.46920041627972897,0.2517088210702341,40,13,0
46762,0.8455638228799982,0.42050901907183413,0.4829357830326342,0.4121368102006689,29,10,0
58115,0.5896744259725573,0.2846875318584974,0.7885256966267916,0.619331800445931,16,2,0
70500,0.7342186137502851,0.04327177816590455,0.37071966086254593,0.8014931136194723,21,7,0
1068,0.8219092638500891,0.5,0.257665885443481,0.3141873374210331,8,4,0
54880,0.7035215930012949,0.16396061231436043,0.40043578766272203,0.8439866104607953,31,17,0
53381,0.6055097680097681,0.33333333333333326,0.8542662165766473,0.34701783723522855,7,1,0
65584,0.8423748610113992,0.5,0.31906123584648016,0.3884066680602007,18,7,0
9735,0.8056944731465087,0.5757703553756185,0.6230932961414721,0.3229657306763285,23,6,1
68347,0.7998405824668122,0.45830511719594824,0.3400352056341369,0.678159548030472,27,14,0
70950,0.7135734827412169,0.41681109185441945,0.6662409968901024,0.35955906261612786,11,2,0
46705,0.8286493171683389,0.5,0.05119824507929005,0.9107548889817911,3,2,0
19342,0.4471466897406908,0.08333333333333326,0.38272312807459175,0.7819932181345225,9,2,1
69913,0.691180671683389,0.2142857142857142,0.41904849065104743,0.3378675445930881,6,1,0
31104,0.8125489517113558,0.05240641711229954,0.0816822337539056,0.6820001858045337,9,3,0
28535,0.7195004997723331,0.5,0.4172501400475285,0.10641838535860275,4,2,0
13575,0.7863981137808633,0.5830931796349663,0.6740948839882013,0.8277905518394649,35,13,0
30518,0.7944481863413022,0.5714285714285714,0.5838845976100878,0.24472460284280936,9,1,0
62160,0.8579793489075065,0.2660970593519052,0.5074639983887922,0.2695306693608324,29,8,0
65183,0.8172515993497743,0.0,0.40421974573593256,0.1358684039390561,12,6,0
53368,0.5854810522043117,0.17318643228521913,0.8507663444128344,0.3575070837978447,10,2,0
22481,0.8805389475584899,0.2615454961133974,0.4117825798503103,0.3243911998327759,38,13,0
13648,0.8494826505016723,0.5,0.05969976464580584,0.7972097384801189,8,7,0
5459,0.6861007651768521,0.41666666666666663,0.8165546034707429,0.3225915087328131,11,1,0
15950,0.7943568262640863,0.44410735551986036,0.4973950717127278,0.5109343064845783,35,10,0
46309,0.6920533844489347,0.28645833333333326,0.43370453331390835,0.2650368125232256,11,4,0
21780,0.5168396445579226,0.43847054207372627,0.29818224618565226,0.7926836561687105,12,5,0
11235,0.8106694955447533,0.5,0.5136570660046688,0.20218988062058715,17,4,0
59116,0.867880033513505,0.4371491686554506,0.8094125718872134,0.790838965533259,31,5,0
68871,0.6790280615563657,0.22793389452834867,0.7983732736864294,0.7296863387216649,16,2,0
58984,0.6226198664654696,0.06824512534818938,0.39687201116884807,0.47082172054998145,5,3,0
34344,0.703798541434411,0.5,0.702532846068022,0.15963599730583428,4,1,0
39241,0.5884786584279371,0.13396880415944545,0.46555288817563156,0.4559152615198811,12,2,0
2317,0.7691979273938998,0.4636048526863086,0.43775279030319114,0.16975944119286512,9,3,0
55312,0.6886309953551739,0.5,0.19195911749552996,0.12649192855916194,4,3,0
52193,0.8764910813823857,0.5,0.6076316701316702,0.030293106651802303,3,1,0
18869,0.6808778102935712,0.625,0.696632960467217,0.14696441843180974,4,1,0
64480,0.7220390998020287,0.4138338054768649,0.47927399077863075,0.36531842251950947,21,6,0
52760,0.8315639439970559,0.4554171977894076,0.5910287585345747,0.7187462258454107,24,5,0
16254,0.5341240294601818,0.0,0.6008151652326401,0.7505748327759197,6,3,0
55287,0.6340370680044594,0.33333333333333326,0.7904650049102739,0.26398992010405053,6,1,0
27885,0.890115342712759,0.5,0.05324982763241004,0.031374547101449275,3,2,0
60556,0.7580499814195466,0.4666666666666667,0.5542385057471264,0.3265235971757711,12,5,0
40110,0.5392775859873776,0.0,0.038093164997823226,0.4564236111111111,17,16,0
7902,0.6262743912727902,0.19497400346620464,0.7198065652679349,0.27835696534745447,9,2,0
30006,0.6962018526722489,0.22189915347810096,0.8664356831667059,0.5467826783723523,25,9,0
38404,0.6124297995342614,0.5,0.237958129013918,0.25037335098476404,10,9,0
36126,0.6927643650130063,0.36363636363636354,0.7935554678301905,0.31208193979933113,8,1,0
40726,0.7441569755272567,0.15684575389948008,0.6061267617790802,0.2055613619472315,8,2,0
16741,0.4639902558756425,0.0,0.13187588152327212,0.6889283723522854,6,3,0
62105,0.8705844035886917,0.4296302835038732,0.38717065621904223,0.7254589952619844,30,6,1
52855,0.5963537190612911,0.2712305025996534,0.5221552843468098,0.3689105467298402,7,2,0
49197,0.7128045528488853,0.05058717253839218,0.06284669545260058,0.7548344017094017,15,7,0
30368,0.7306445112056219,0.4584323040380047,0.5440903348663568,0.6891966276477146,14,8,0
6713,0.7373354894734565,0.3405791490523492,0.6779718584194806,0.7327701133407656,33,9,0
8875,0.6947577928756653,0.3595716198125837,0.35412482537913637,0.8225305416202155,14,5,0
8592,0.7230036714441535,0.5288670568561873,0.6756898309913504,0.6817789622816797,20,4,0
66615,0.7808635359944827,0.35598121409718986,0.652240745875303,0.4661760265700483,17,3,0
61612,0.5311870509574045,0.7788309636650869,0.30359010286693444,0.18788612504645114,6,3,0
42549,0.9030691275278406,0.5,0.47683459498978387,0.059692899944258644,10,5,0
32731,0.7491872274051907,0.32499999999999996,0.8035182492287193,0.4520621400037161,19,1,0
24384,0.9035744147157191,0.5,0.3106324811746639,0.1046607905982906,4,2,0
52842,0.8219907645566742,0.32505861963502913,0.6478783785457558,0.3185531633221851,24,2,0
38393,0.7003574885667418,0.23474870017331018,0.8429237178808691,0.7423442725752508,14,2,0
35341,0.6849637681159421,0.0,0.16194968553459121,0.8932065217391305,9,1,0
3923,0.8865605258268302,0.5,0.0533921981055836,0.885172217577109,5,3,0
5915,0.9532748049052397,1.1102230246251565e-16,0.49813645701668663,0.17968227424749164,3,2,0
21230,0.7473220861857623,0.5,0.5939891232075615,0.3396141072092159,16,4,0
55479,0.7764828234031133,0.55,0.6648598946140964,0.19673564659977705,9,1,0
66033,0.7549752814350381,0.5,0.16494867734623542,0.708507525083612,14,11,0
71317,0.5787813158057723,0.33333333333333326,0.6649291205742819,0.6958969133221851,6,1,0
30626,0.8112779122549015,0.45710571923743504,0.6705283178109405,0.413897308156819,23,2,0
41981,0.9170425218439433,0.26923076923076916,0.06466968889355773,0.7795963396506875,11,5,0
41976,0.9278565118381065,0.2990631163708086,0.11168041852569977,0.7817519625603865,13,5,0
34509,0.7787112188047498,0.5703906145847221,0.8088329146671368,0.7093178070419919,12,2,0
41174,0.8110801482277996,0.4961205673758866,0.7814503119585074,0.5087293292456336,24,3,0
63555,0.8373847561367944,0.5589581136741181,0.6295483883520387,0.7105728586027499,21,5,0
67146,0.6598144903863634,0.4486919260261615,0.38976140996396547,0.45158311269044965,13,6,0
23167,0.7730684624246156,0.44430585683297175,0.7643542981952003,0.5494820698625047,26,4,0
34351,0.520572906798917,0.5,0.24584484071783141,0.129148957172055,4,3,0
62142,0.8313574045038234,0.19790817338416455,0.6766239689423055,0.5202015979189892,21,6,0
68088,0.8417409884801189,0.0,0.6329029929479705,0.07120958751393534,3,1,0
67717,0.7949148830017446,0.44197952218430037,0.4644153284618302,0.4535755759940543,34,9,1
71431,0.8373832041904541,0.434637286457044,0.6938550840951585,0.29625139353400226,21,2,0
56330,0.859448867657814,0.4751985940246045,0.5749551898577272,0.23319601217019695,23,8,0
39118,0.6738731675457974,0.5,0.5361861862759534,0.610759534095132,13,5,0
7726,0.6870977000053087,0.5,0.8988891391131745,0.2885538600891862,7,1,0
58500,0.7033913661456213,0.23104419410745236,0.5002600541144236,0.23247950343738388,10,2,0
39223,0.6929225813468787,0.4794738385425673,0.575466589743649,0.26001834819769604,11,3,0
61678,0.8514268135826657,0.4602140004521138,0.7075259484450674,0.2638322765700483,21,2,0
34952,0.7308655627197864,0.41560178883919896,0.6797541491757356,0.8036292851170569,17,5,0
18587,0.825591384816163,0.09667822068168697,0.4518531793294388,0.28563295475659606,27,4,0
13420,0.646201587596515,0.5454545454545454,0.7369804101174874,0.2959181066518023,9,1,0
15674,0.8041639630655425,0.6404109589041096,0.6049813251122012,0.8019988503344482,21,8,0
37078,0.832763788464181,0.2951473136915078,0.7675380222815245,0.32936030982905984,22,3,0
9910,0.660029073820753,0.20833333333333326,0.7412534104925494,0.4648045568561873,11,2,0
65875,0.7313632922986854,0.29439742066405883,0.6281605228247167,0.5645005922519509,30,6,0
56159,0.7236213706127428,0.641897746967071,0.7192714092179275,0.1512260196023783,9,2,0
39125,0.6814911725538044,0.30131220599158204,0.8363553504379184,0.2804411696395392,8,2,0
62368,0.7357868687837444,0.5,0.24678585623346094,0.18119106512448904,8,7,0
41728,0.6690732369583825,0.09549330085261876,0.09745769713794694,0.778746864548495,22,13,1
2858,0.7433049981419546,0.5,0.5174758010488136,0.13164367335562988,5,1,0
47708,0.7530160421480856,0.4293576741041245,0.590186873299156,0.3786258012820513,22,4,0
47423,0.8532003249853651,0.48095105425223983,0.5239838438248665,0.5919816634150874,26,7,1
52107,0.7053790514505753,0.75,0.1474859934828281,0.8307811338721665,17,14,1
47705,0.8054901113828945,0.5,0.06907020584389922,0.039464592623560016,4,2,0
8209,0.8550801843548499,0.5,0.3045245217481942,0.11195681205871423,10,8,0
48515,0.7931113604394745,0.4730000584428695,0.6019235705706282,0.45057628437383873,23,8,0
11658,0.7690533242335575,0.391062144095073,0.8493208458679804,0.3968453874024526,16,2,0
62095,0.851955703205289,0.42371304237069496,0.5330614150158511,0.45616116220735786,38,6,0
44118,0.7777571535147971,0.5,0.5551160922788743,0.15752566425120773,7,3,0
59417,0.7708766720902505,0.4852203315881326,0.5461314848926855,0.6632551212374582,25,7,0
39015,0.7583457906757785,0.09899193738507228,0.3754356505989813,0.7243026523597176,23,9,0
50074,0.7647025565673369,0.4237435008665512,0.8021701594385604,0.3998153567447046,20,2,0
60834,0.8315043339598467,0.2117995378393992,0.47409339685323326,0.3556182645856559,17,5,0
56890,0.8262251785906327,0.16865079365079372,0.6069328098724402,0.6732255667038276,44,12,0
38679,0.7871946385928634,0.28867983654641627,0.3221596861180078,0.6269451412114456,32,12,0
10592,0.9025690656660309,0.44861895517119665,0.3506729150702088,0.08893650130063174,14,5,0
50978,0.8826425468892816,0.5,0.34923815203972686,0.1647778474544779,19,14,0
14143,0.5656051415366841,0.0,0.4003871824182308,0.33651233277591974,7,2,0
47319,0.6783790296358232,0.5,0.609660452231207,0.11670556949089558,4,1,0
57946,0.8298390364242363,0.44338532640092443,0.6694253599575615,0.18777348104793756,16,3,0
42468,0.8176070934100896,0.4773880941393631,0.5646825703851732,0.8242196209587515,42,14,0
64013,0.8166090119395111,0.44223895147313697,0.7446510382912648,0.1870833913972501,14,2,0
65887,0.7441555518452444,0.20248682476943347,0.6496833276070135,0.2545736947231513,11,5,0
50028,0.9294146060939791,0.47777777777777775,0.45595481210505917,0.25310235507246376,40,12,0
50395,0.6616976318224477,0.43893008474576267,0.5979855653091519,0.4368148457822371,15,3,0
13705,0.6108142593366779,0.3125,0.7991773091241519,0.49996806484578227,8,1,0
12954,0.7370706090407178,0.14,0.38050508309927,0.203854573114084,7,4,0
32366,0.7328135333335817,0.4084922010398614,0.523790542994433,0.7957413020252695,9,2,0
16347,0.6998040609480733,0.5,0.709466294103251,0.37741807181345227,10,2,0
30856,0.6451260422473059,0.26190476190476186,0.8332762405704857,0.8762289227982163,16,1,0
19117,0.6834882810426288,0.41666666666666663,0.4758658008658009,0.47952550167224084,7,1,0
37266,0.7070461136582755,0.4716926632004622,0.5742642896267756,0.8053958797844668,8,2,0
7198,0.7038304905001286,0.20036231884057965,0.5781637716933139,0.588793954384987,24,8,0
5148,0.7423342384814524,0.45699342051780967,0.46700126741311443,0.5517088210702341,23,8,0
5944,0.6966946700642352,0.2857142857142858,0.642633521477274,0.2731001486436269,7,1,0
25022,0.8100174191750278,0.5,0.5587110870350307,0.13762106326644372,5,1,0
33932,0.5753794700282995,0.1333333333333333,0.31756756756756754,0.8294314381270903,13,1,0
67565,0.5805934230523673,0.2684931506849315,0.1687568260613359,0.3094214511334077,8,3,0
35424,0.7897327898550724,0.6071428571428572,0.7848180465728319,0.29775989409141584,10,1,0
42992,0.8117522657830629,0.3846153846153846,0.6558200441653539,0.22224544778892605,9,1,0
21413,0.574263469921719,0.4508032128514057,0.370559602416367,0.7057982627276106,18,4,0
16342,0.8853497700128767,0.2967479674796748,0.40317066519166045,0.13989165273132664,12,5,0
54869,0.7759736458319739,0.308319397993311,0.6577386868524391,0.3366781052582683,23,3,0
36917,0.6663772199835573,0.45833333333333337,0.4278635614998376,0.8282509986993682,10,2,0
12833,0.8891190269736182,0.5074457277799298,0.7019622013832048,0.3520069792827945,38,6,0
15574,0.891899795808224,0.021230502599653533,0.48396837872722664,0.04372619379412858,5,2,0
45134,0.7397583329294104,0.6630434782608696,0.7273369102907533,0.5141208542363433,23,1,0
19337,0.5884874183787228,0.6111111111111112,0.7599046390565256,0.29146982998885174,7,1,0
1371,0.8951720335570931,0.5159814493869953,0.7624334623163409,0.27351385405053885,50,4,0
2834,0.8056195808352766,0.3819254206965954,0.8208180190555204,0.5157193538647343,34,2,0
31445,0.6270303774311573,0.30000000000000004,0.4941434178946851,0.2683325204384987,6,2,0
62601,0.8394423076923077,0.375,0.882178112357249,0.35225723476402826,25,1,0
22082,0.650819630248978,0.25,0.56666970470288,0.21680834262356002,5,1,0
41292,0.6021973261111424,0.6666666666666666,0.44948819435967424,0.7159246098104795,4,2,0
29668,0.5971007234764028,0.38888888888888884,0.7869436435907059,0.47102029914529914,8,1,0
57841,0.899457102378298,0.33333333333333326,0.05948610423279943,0.8777621005202527,14,11,0
21956,0.6759246325976718,0.4270833333333335,0.667937753568481,0.4035883500557414,13,4,0
59455,0.5970535465440356,0.0714285714285714,0.5802889156005837,0.3832026895206243,8,1,0
60315,0.6179759077614128,0.14413633737723863,0.7878973718832508,0.5024732325343738,12,2,0
69818,0.6087410786499661,0.26315789473684204,0.9241803162964172,0.8271922031772575,17,1,0
35591,0.8054899433296172,0.3125,0.8767244397759104,0.5572126997398736,16,1,0
56017,0.7569423154341632,0.41666666666666663,0.6954686002879488,0.300406447417317,12,1,0
48910,0.8115853431948454,0.384001025826197,0.6531814595264958,0.3836204594017094,34,10,1
37922,0.664548590415611,0.33444816053511706,0.8216307418235472,0.30006357998885175,10,2,0
28292,0.7686252165612931,0.6202651515151515,0.5040747326812202,0.1261467623560015,9,4,0
28164,0.8572727765390808,0.38888888888888884,0.7762220563466544,0.19557727146042364,15,1,0
21103,0.7932048129271125,0.3066202090592334,0.6547223968514744,0.2106405030657748,14,4,0
21981,0.7594023868140716,0.5882352941176471,0.773050144942964,0.3247297124674842,12,1,0
48236,0.8708301134252221,0.5294117647058822,0.7851220601586021,0.24792015050167224,22,1,0
14554,0.7090760853464304,0.4681542461005199,0.6929875763486002,0.13038600891861762,9,2,0
49381,0.6919793086006853,0.5,0.7745760670882325,0.3190086747491639,9,1,0
18512,0.8448044464069764,0.5,0.04545586622666142,0.717404368729097,16,14,1
29161,0.6546001138052768,0.5,0.798175144203529,0.2090922287253809,4,1,0
3942,0.8538437864540416,0.345,0.5410067856693785,0.1967426142697882,16,6,0
46019,0.7848081568190264,0.0,0.04166666666666663,0.07598940914158306,6,1,0
59580,0.8099537006277344,0.5715577934095311,0.7393409710548016,0.5069935084541063,34,4,0
44706,0.7880349049560817,0.6525129982668978,0.6261467338392269,0.6115114618171683,11,2,0
63092,0.6895979001486037,0.5,0.2371352568932058,0.05022528799702713,4,3,0
43948,0.8003882352999201,0.35534909909909906,0.4938409087059815,0.8045461143626905,28,6,0
2526,0.8618191038027994,0.5,0.05157016101556833,0.9221815774804906,4,2,0
28132,0.7866539559474341,0.631578947368421,0.9084721041449524,0.248950204384987,11,1,0
8590,0.825575089758918,0.5840301003344481,0.6715006629757151,0.4030498072277964,27,7,0
37096,0.7857408476261248,0.5021361535380185,0.7616105498085736,0.7399787486064661,18,3,0
22069,0.8922846580774448,0.4370981269220017,0.2592040664409936,0.28650275222965443,35,11,0
24880,0.6300123415509173,0.14413633737723863,0.7304696195160518,0.49644648829431437,12,2,0
40456,0.7184396438365384,0.5,0.052872677104415455,0.04012361807878112,3,2,0
17077,0.786326124894134,0.5,0.7553789910596125,0.4385767953363062,41,7,0
53059,0.698412727739361,0.5,0.4001544248674067,0.13027568747677443,4,2,0
49015,0.7029740575159831,0.5,0.520905453188793,0.1004296729840208,16,8,0
38011,0.5769047300901247,0.0,0.2958292662167521,0.43784693190263846,9,8,0
44929,0.6494271413972501,0.41666666666666674,0.8545650402224914,0.5104082473987366,11,2,0
11231,0.7998307368858664,0.39812194494468744,0.5839328047661423,0.2767401755852843,15,2,0
34352,0.7668705672880423,0.36302670919399493,0.4542247197397026,0.5459964929394278,30,5,0
50078,0.8376481418151225,0.48505199306759106,0.37390586978975193,0.2969214511334077,33,11,0
2175,0.7448924714509125,0.5,0.06828100632368328,0.44579268859160165,19,18,0
23785,0.6124421683389074,0.2727272727272727,0.8031859361143473,0.6035639632107024,10,1,0
6015,0.5217411257372431,0.3636645001547508,0.4175272574898461,0.7703691123188406,11,4,1
25425,0.6349609020746867,0.4391876560018153,0.5438910335730266,0.3296491778149387,8,3,0
34116,0.5372216071673536,0.3474870017331023,0.7387053656003761,0.7625876765143069,7,2,0
17155,0.7917736136757876,0.5,0.4445026451751338,0.26820797333704943,14,8,0
28549,0.7784762368629216,0.3909138600356731,0.4958708073270379,0.7076795336306206,18,5,0
47338,0.7152739068499938,0.5,0.795442788556924,0.3180242010405054,9,1,0
48322,0.6780096463520376,0.30000000000000004,0.627622060028113,0.3085946209587514,9,1,0
20016,0.5938614330756973,0.15684575389948008,0.8269217136720615,0.510834146228168,11,2,0
39524,0.8801917141600247,0.4262516914749661,0.7260032623196759,0.48852134429580085,51,12,0
48733,0.5346024815227715,0.0625,0.6338383838383839,0.5242869751021925,9,1,0
2525,0.837982513440416,0.4666419477403013,0.6323473161889946,0.2533845457079153,21,5,0
42074,0.7997363898179115,0.611111111111111,0.6251378536256695,0.178316030286139,8,1,0
43186,0.5832710953050955,0.07010014306151646,0.4894750125642431,0.519081835284281,19,15,0
15065,0.6547381835834499,0.3116015903761853,0.8201876519386839,0.3197336027499071,15,2,0
2322,0.7591596180895688,0.5,0.4607991609539337,0.1358408235785953,7,2,0
23823,0.6281116060531704,0.2541883304448296,0.4610934784929507,0.6891536603493126,10,2,0
58081,0.8692775383572046,0.5,0.3043274254819007,0.03365036231884058,4,2,0
54963,0.7526066689268969,0.4208460532054078,0.5714019573684322,0.34968239037532517,19,6,0
66663,0.6404504975397989,0.24773053033922587,0.7776529226736566,0.39437418710516536,10,2,0
26933,0.8170915438609788,0.3931306149048085,0.5813497654582984,0.5107061152917132,47,8,0
69718,0.797608418605927,0.48847736625514404,0.5919340010763339,0.5375046451133407,14,3,0
39236,0.8248599281971744,0.56210283073368,0.720097296049118,0.10687970317725753,9,2,0
69671,0.45333461073950204,0.16666666666666663,0.288701923076923,0.7352889260497957,4,1,0
31905,0.6832450701420165,0.5,0.5543997620921193,0.5324437941285768,7,2,0
23853,0.8939713652650052,0.4982961586121438,0.49451387270164804,0.21201458565589001,27,6,0
1332,0.8022221807419982,0.5767132081527844,0.38342232505227736,0.2908108045336306,19,10,0
15449,0.5671373722185262,0.5,0.40271272008543224,0.7159010939241918,16,10,0
25581,0.6179310084541063,0.625,0.6536048368697239,0.7110902081010777,4,1,0
3381,0.46768357166242486,0.0,0.06895229679895465,0.672366220735786,6,3,0
63430,0.625376254180602,0.33333333333333326,0.8045879696823093,0.24189892233370494,4,1,0
64284,0.8911827846673446,0.38665425100775574,0.6468204576092703,0.2435078734671126,32,5,0
27777,0.7264078203996541,0.3169844020797228,0.4181505395789398,0.799391199832776,10,2,0
10636,0.7529149707887177,0.4314303264319084,0.8071271444374444,0.7047792409884801,18,4,0
11499,0.8178026712858375,0.6194560422246731,0.6973643060944882,0.8288920243403939,24,5,0
71843,0.7904017930459514,0.13648180242634322,0.16346874540198608,0.31184707125603867,18,8,0
36973,0.654896704191454,0.2846875318584974,0.6232929076925487,0.4889042758268302,15,2,0
71833,0.84771805890217,0.5320054017555705,0.6838625958541389,0.21540435711631364,12,4,0
8359,0.7731094204004985,0.1160023400827126,0.58277453379525,0.3120947138610182,18,7,1
41206,0.7697754782051605,0.0,0.03184575389948019,0.041759568933481976,3,2,0
27594,0.6611374892380282,0.5,0.10989593035744694,0.3084921381456708,12,8,0
66893,0.6462286958210872,0.46153846153846145,0.8568755739210285,0.4476594435154218,11,1,0
65483,0.720302629134151,0.5198863636363636,0.34469176913320476,0.17655088721664808,18,9,0
19089,0.6748353738745332,0.6649441340782123,0.511618095192628,0.7594086770717206,11,5,0
24777,0.8551366523600283,0.4378662166596353,0.6216081181013007,0.3140294035674471,26,4,0
52035,0.5762842686077561,0.0,0.37360732854667,0.6794035674470458,15,2,0
64027,0.8375483687691969,0.3231444829292429,0.44392203282226816,0.6632525083612041,31,7,0
66171,0.7143702387588258,0.16666666666666663,0.6872469570582111,0.06550364641397251,4,1,0
23266,0.7849026747118097,0.44204939341421146,0.7750008746442167,0.3141191123188406,14,2,0
14862,0.7023992903143166,0.2142857142857142,0.8046909418311514,0.18402051978818285,8,2,0
27772,0.829873431472077,0.4633968804159445,0.7616135139569696,0.27853870540691195,17,2,0
3291,0.6326207062437128,0.41402969011382385,0.2893920777324641,0.5649439102564102,9,5,0
50225,0.7407943520842417,0.42593876372039285,0.6838337590342125,0.2614147853957637,16,2,0
25010,0.8265903019157295,0.5289516953295117,0.17810556006139144,0.3693887030843553,35,10,0
14247,0.8166719699048178,0.7357211631041787,0.5403813704950463,0.20576342437755482,16,2,0
42705,0.8864958843688597,0.5,0.411980971889538,0.07953246934225196,8,3,0
50025,0.9042185370989719,0.34782608695652173,0.7492459306869323,0.10904055183946489,21,1,0
42545,0.9065496098104794,1.1102230246251565e-16,0.4698961420618649,0.20836120401337793,5,2,0
46583,0.7436729927303976,0.5576923076923077,0.8004886348027432,0.3849051235600149,16,1,0
51519,0.6191149731910601,0.2941176470588235,0.9164153404307513,0.6976005086399109,14,1,0
7829,0.7003348859783955,0.4060765943122935,0.580503917224792,0.7975357673727239,16,4,0
26442,0.4407474184798154,0.04373047746541725,0.1904658564814815,0.8899549424005946,7,3,0
69477,0.8205573351466364,0.236323155216285,0.42900929439396673,0.2167134081196581,10,4,0
36918,0.7620638954816827,0.0,0.19448827772768262,0.34343645484949836,24,12,0
26265,0.605265929705172,0.4681484876260311,0.5086864146263319,0.8016995308435526,11,4,0
26076,0.8400927506211548,0.31130730604084866,0.6603557567877867,0.6997445187662579,31,7,0
38147,0.8816583045169869,0.32182892277369834,0.6849957883261679,0.2844397412671869,50,13,0
55413,0.7032306575441042,0.39234257654534954,0.627898831347653,0.34079570791527314,19,2,0
4194,0.8096797351335442,0.3734466610125743,0.7200253899735285,0.3885376021924935,32,2,0
17346,0.7492502980614394,0.29999999999999993,0.6223188646469626,0.41429562662578967,12,1,0
70734,0.504326029785896,0.15384615384615374,0.9031593406593407,0.9346060943887031,13,1,0
11433,0.7372977823322755,0.2744899308156701,0.3347581537738433,0.48056310386473433,22,4,0
2716,0.6776048634336678,0.5555555555555556,0.8050035315840406,0.32258396042363435,10,1,0
12280,0.7751349431273782,0.5198517072602261,0.7730350585730787,0.27554696209587515,17,3,0
33395,0.706495416725665,0.2939533988060852,0.7927528770222547,0.2793516002415459,9,2,0
27788,0.6145827914034436,0.2777777777777777,0.9203689580515434,0.7560357441471572,15,1,0
19094,0.6394435392256292,0.5,0.19522820035688238,0.6839020693979934,11,6,0
14307,0.6162479936250047,0.5,0.5253431191982816,0.12739252369007803,4,2,0
24331,0.7520034367514538,0.23644202405264347,0.16969237009502347,0.6151401662950576,19,9,0
20178,0.8451523235524498,0.42775700082094326,0.8300917843816371,0.15829065635451506,16,2,0
60374,0.7841256852756058,0.36859133897461427,0.5088889009141297,0.5270432692307693,16,6,0
52844,0.5927070731039146,0.28615969301158595,0.4156138939294268,0.8031714511334077,8,4,0
12804,0.8468472237844159,0.58729028782515,0.6538886957036523,0.18475067354143443,7,2,0
2170,0.7661278315065239,0.5610051993067591,0.7718498529036009,0.3888621794871795,15,2,0
54744,0.4862950575994054,0.125,0.6122641509433961,0.4263099219620959,5,1,0
39504,0.8557111480346364,0.48714473897901367,0.3008714046136899,0.380177269137867,20,10,0
124,0.7867153424349327,0.22712344762993686,0.5080900043494951,0.36918083426235604,24,5,0
758,0.5353313127090302,0.07142857142857162,0.6207386363636365,0.4630272203641769,8,1,0
12581,0.8549606273310096,0.33333333333333326,0.5174843944063559,0.06267709494611669,6,2,0
66599,0.6883903523008527,0.25363284895347293,0.4950087796280963,0.38377752229654405,11,2,0
49080,0.904133161636181,0.32558139534883723,0.7489904584502985,0.18532521599777035,27,1,0
16499,0.6807652312692086,0.4628859857482185,0.5322084102184858,0.6290416237334707,30,7,1
56992,0.8093140843515925,0.4119496855345912,0.2984159232445698,0.21562906447417318,19,14,0
10352,0.8054235487334915,0.5245800559925343,0.6726957278506995,0.8332285279635824,14,2,0
4368,0.594375232255667,0.375,0.7457052427479756,0.2805619425863991,5,1,0
60375,0.49478719463813847,0.042461005199306845,0.4525370594365843,0.3621127136752137,6,2,0
16539,0.5989406518476013,0.23854914582817532,0.8103841631757394,0.3634699577294686,11,2,0
36536,0.6867293382784893,0.5169844020797227,0.43915435301165817,0.44518127554812337,8,2,1
20234,0.6233925585284281,0.375,0.6593630881877893,0.23279304858788555,5,1,0
13696,0.8470922558218754,0.5,0.7832076402747294,0.14477163461538461,12,1,0
24745,0.7771469488596324,0.5367892976588629,0.6204069317160348,0.28219789344109997,14,2,0
14987,0.6673711548968363,0.3398148148148148,0.5690792850463402,0.39591752601263475,12,4,0
7334,0.7462454151010914,0.5,0.4590300143138307,0.6702561780007432,10,4,0
10208,0.6541243445228953,0.5,0.8208396752917301,0.29764028242289114,9,1,0
11712,0.6413411463504634,0.33141641720497883,0.4690192061952252,0.7717611947231513,13,2,0
35597,0.9294147039117275,0.2500000000000001,0.5478726398727727,0.04543907933853586,9,2,0
60615,0.8646931114652086,0.3214904679376084,0.7503200372134788,0.271765839836492,24,2,0
27618,0.5874606175173283,0.20568561872909696,0.7934594891264937,0.3199800840765515,6,2,0
29704,0.7870194419548813,0.4268394648829431,0.5537510014494462,0.39592246144555926,24,7,0
27047,0.7245686513134804,0.38561525129982677,0.6628776526823041,0.26299209169453736,12,2,0
68034,0.6254693530127278,0.2712305025996534,0.7936554136386147,0.15939793524712004,6,2,0
40907,0.6841096479004087,0.05555555555555558,0.8941847826086956,0.7098226727982163,20,1,0
16566,0.7458417138584421,0.5,0.6066173536524055,0.20304254923820142,6,2,0
70899,0.6507243156629036,0.5,0.516438986276615,0.27560473569305094,5,2,0
42456,0.7211706695951007,0.45424610051993075,0.8609998246666195,0.5638949856001486,23,2,0
26150,0.6781582360092759,0.49949130595634483,0.5348978261142366,0.35589377787068005,10,3,0
39936,0.5231805445264304,0.4084922010398614,0.42742886070944364,0.6966775826830175,8,2,0
46105,0.8397475111888643,0.5,0.5183763714435815,0.178988120122631,20,10,0
54812,0.8920879571129647,0.42603550295857984,0.4870064903171437,0.08488973662207358,11,3,0
62350,0.6855195365725257,0.41666666666666663,0.8016464705586597,0.3414887007617986,12,1,0
66995,0.6924240646067373,0.4657712305025997,0.572421098032508,0.3127903195837978,10,3,0
36664,0.7641139379042226,0.39705372616984413,0.8147677552574942,0.4850752508361204,34,2,0
44150,0.7115507777806503,0.0819864136800188,0.0825039626961479,0.7880783166109253,12,7,0
3817,0.5208442398328946,0.042461005199306845,0.2953639770875638,0.7134455708844296,9,2,0
16886,0.7819580910031261,0.5879633182060671,0.6207933495854563,0.6614397528799703,14,4,0
17105,0.6763582996907346,0.4015470425891414,0.6188994826585399,0.7251248374210331,16,5,0
39334,0.7323337608679148,0.3963659012131717,0.6082736471510628,0.5520075599219622,19,3,0
18975,0.7349722518462529,0.6083788706739527,0.6087514094201739,0.22591770020438498,11,4,0
44778,0.7347484706023021,0.06822285552679097,0.340467911652214,0.8418356326644371,12,4,0
28021,0.8529522568081439,0.4814665125994716,0.5888893798812235,0.8350195094760312,30,8,0
30302,0.9089972369458361,0.18825823223570204,0.4216154722859795,0.14741731698253438,25,8,0
228,0.8930006100453276,0.5,0.4853445048012629,0.1286507687662579,22,9,0
5510,0.7350860190534103,0.2941176470588236,0.7264384349827387,0.6033769973987365,22,1,0
2629,0.7938888559406909,0.6038043478260869,0.5244283792728274,0.3358460493311037,28,7,0
50609,0.593429938479766,0.3840582899533056,0.4690703318502456,0.6788168315681903,9,3,0
31253,0.8399742050337715,0.3712308544011811,0.22901837123641244,0.3949101170568562,25,16,1
39906,0.8708700452197221,0.6037170263788969,0.5268661453428956,0.11857871144555927,6,3,0
45813,0.7394270252694166,0.381578947368421,0.7887424672102091,0.6688510312151617,25,1,0
19293,0.2957361741820374,0.10962649928531476,0.23278633623576694,0.7695199275362319,7,3,0
31216,0.9061728410165684,0.4448160535117056,0.6609514502495526,0.0507678952991453,8,2,0
62242,0.6350064239533206,0.5696046128500823,0.20442122404050211,0.560643115942029,15,8,1
22143,0.7570977331846898,0.5714285714285714,0.6284888620228597,0.18804231698253437,6,1,0
34884,0.7575734971988803,0.0321339570672845,0.4652548789351154,0.3822083449461167,27,10,0
54392,0.8942229212433511,0.5095794392523364,0.5344276774435215,0.2635962467484207,30,10,0
26962,0.7534511227810528,0.9405545927209705,0.47468597622725195,0.0842815170940171,7,2,0
65201,0.6005424156006252,0.25,0.7753644999701834,0.42359717577108885,10,2,0
6320,0.8213592998389265,0.464804692707639,0.728838025148947,0.2301853980862133,11,2,0
70502,0.42217109679256937,0.042461005199306845,0.3205843913570696,0.5017753042549238,4,2,0
10863,0.7915786142205783,0.5050116009280742,0.627552747600945,0.4783523202341137,28,9,0
29190,0.8445092021261125,0.4618055555555556,0.714750146036949,0.3088248443887031,20,4,0
34978,0.48114656934630934,0.36438474870017334,0.6285824151144255,0.7743694258639912,10,2,0
13349,0.5166990295013805,0.042461005199306845,0.45033854243163063,0.31816703827573395,6,2,0
24765,0.6858765328874025,0.4545454545454545,0.8274733333199439,0.39402638424377556,8,1,0
58910,0.7866832037719467,0.29907407407407416,0.4306647331920542,0.404578339836492,32,10,0
8120,0.8284418243594063,0.36924784612003625,0.6637211792393769,0.2610402731326644,12,3,0
10214,0.548333316024852,0.036395147313691645,0.41004285848306643,0.23873589046822744,6,2,0
17075,0.5649070977331847,0.5,0.6845191040843214,0.7159164808621331,5,1,0
34981,0.5476187793045266,0.5,0.20417071266097842,0.6816828664994427,15,6,0
71708,0.8412015030095747,0.5,0.348941576256391,0.41839290691192865,40,13,0
26200,0.3961129050546884,0.06470248411322954,0.19003483310459413,0.852270589464883,8,3,0
51565,0.7000535140838973,0.5,0.40668764999242013,0.7451426178131454,11,6,1
40562,0.5977953130806392,0.5,0.7756797012283174,0.3274308458751394,6,1,0
58184,0.624034063976655,0.25043327556325834,0.7711771496392463,0.6666945373467112,15,2,0
6401,0.7531194410215742,0.5413127413127413,0.6146500040911734,0.5409492869751023,23,5,0
27138,0.6870713369762282,0.5,0.33581743920876117,0.48947272157190636,14,12,0
46714,0.8180590393905611,0.5,0.05094920350489218,0.9124018719806763,3,2,0
10596,0.5021975416361555,0.042461005199306845,0.46185278716085965,0.8304942981233743,15,2,0
63777,0.3600906018179235,0.5,0.046046261300904945,0.9055352331846898,9,6,0
5484,0.9050198928459742,0.4039727669001342,0.7299996707858974,0.5912703804347826,74,3,0
6918,0.7952667623197918,0.3555410122164049,0.49308331969054786,0.30387692772203645,20,7,0
67005,0.8585808567170845,0.5294015019343092,0.40561475591924645,0.18850334448160536,22,7,0
59360,0.6782130643088489,0.4011099899091827,0.27644324679267274,0.36187813545150505,14,8,0
54742,0.7446264333492594,0.4375,0.7520765990617313,0.15072289576365663,7,1,0
49568,0.6584175260126347,0.33333333333333326,0.49887356300242525,0.1877136752136752,4,1,0
54790,0.9030540135912636,0.5065324623383549,0.37718474441995387,0.1623661626718692,29,12,0
56155,0.8472716714100849,0.4869604316546763,0.5151763276344906,0.38521576551467857,42,15,0
8200,0.8733567070051002,0.5,0.5813964159181839,0.1764005016722408,17,8,0
21599,0.8562109532738631,0.26365242804227407,0.889200870273062,0.3672028869379413,32,2,0
6311,0.7905730213657272,0.3474870017331022,0.6455515174737136,0.09978748606465998,9,2,0
30577,0.8191859222715554,0.3427209705372618,0.7553955261358567,0.3061420011148272,27,2,0
7002,0.6642251434823898,0.4545454545454546,0.8456087457307409,0.42973888656633225,9,1,0
33138,0.8100174191750278,0.5,0.5587110870350307,0.13762106326644372,5,1,0
50502,0.8373691218602244,0.5384615384615384,0.2765100945403296,0.20494849730583428,19,16,0
5111,0.8442145046253628,0.31499133448873495,0.5470708098401309,0.47093117103307325,49,13,0
67501,0.6870977000053087,0.5,0.8988891391131745,0.2885538600891862,7,1,0
65901,0.8835963528417753,0.5,0.6232414860417514,0.18232476309921963,27,10,0
26425,0.635347735640079,0.5,0.03964252976422267,0.05049325297287254,3,2,0
545,0.7932256954983096,0.4341286307053942,0.48816072899061336,0.23227018301746563,18,10,0
40728,0.7128133198821605,0.31824324324324327,0.6710504352396245,0.41107220828688223,23,3,0
40361,0.7739187207311253,0.5,0.7706422706262419,0.6494361993682646,15,2,0
51320,0.46564621721923427,0.050051072522982576,0.3562458326495612,0.8520304951690821,8,5,0
70330,0.7958723422187319,0.38505816771691703,0.6115511698171143,0.36880167688591603,25,8,0
46329,0.8942671474176096,0.6666404199475066,0.5798334554183961,0.7685438730955035,17,5,0
22447,0.5778042341990217,0.22756680731364287,0.36495410412783547,0.8134188614827202,8,3,0
32067,0.8301612568962067,0.4642857142857143,0.7492895757925393,0.18209424934968413,13,1,0
18962,0.6946582625537208,0.5,0.5910533598314032,0.13916295057599407,5,2,0
49897,0.8074304033207487,0.15441176470588236,0.3028840270362215,0.5282234183389075,15,6,0
64461,0.6005707689166071,0.5379296260438098,0.6508740672498609,0.8427454942400595,14,4,0
13189,0.6111115570489468,0.48185857089966677,0.6592307307712596,0.6563600311222594,11,4,0
23806,0.6955574769433466,0.41666666666666663,0.8112741713858818,0.4688231605351171,11,1,0
66876,0.8096704839515763,0.5,0.6033194871795824,0.06912596386101821,6,2,0
29751,0.5094526637591639,0.5,0.49141040877610154,0.1599930903939056,4,2,0
33423,0.8402160703586274,0.42960938541527804,0.7734617401890275,0.21734253065774806,19,2,0
5430,0.8508931852921833,0.20629047178538396,0.5059773957435295,0.15620732302118173,19,10,0
70706,0.8754119634894091,0.33333333333333326,0.06243370747004562,0.8511342786138982,5,2,0
23301,0.703525187784946,0.375,0.5849880805536998,0.16724672519509476,6,2,0
52366,0.8808384976064004,0.48529411764705876,0.8145095105369913,0.16892825622445187,17,1,0
22562,0.6944342552951185,0.43114548494983274,0.8608216270664699,0.976464952619844,12,2,0
1028,0.7429280613489708,0.5670438472418671,0.6490392820338933,0.436341044221479,25,5,1
31273,0.7357521299616109,0.5502416520210895,0.7122480732200257,0.7994402638424378,11,3,0
36868,0.8375772804652423,0.40900364226786023,0.2723949011039468,0.27146681066518025,23,12,0
31095,0.8175409438315513,0.39318006314196396,0.8077766765207604,0.8146437198067633,31,7,0
6423,0.7305570201528588,0.9477611940298507,0.3137657508609236,0.6788807018766259,18,9,0
48765,0.7056274671686895,0.375,0.252724771789421,0.25693225102192496,7,3,0
32361,0.7621740732475606,0.4237435008665512,0.5189687385579616,0.7964633268301747,10,2,0
10966,0.7960739942266033,0.4516810420700581,0.7574947016931994,0.3401909722222222,15,2,0
50956,0.8312023222792129,0.5,0.03148761882620965,0.9591296799516909,9,6,0
62988,0.6890400502057894,0.5167770419426049,0.6659935287751446,0.16586364269788184,8,5,0
60409,0.7258533806982409,0.40467937608318905,0.8254693604164269,0.6336399108138239,21,2,0
41743,0.7094792418082061,0.4545454545454546,0.8770923421183713,0.6791843761612784,17,1,0
4066,0.8127568336411595,0.46412520903010024,0.7519690677569306,0.4386473429951691,19,2,0
69465,0.8686105673462976,0.5068289402209059,0.8342921962655396,0.34984409838350056,39,2,0
25052,0.6870977000053087,0.5,0.8988891391131745,0.2885538600891862,7,1,0
21753,0.6484525966183574,0.2142857142857143,0.5440595061989293,0.33768783677071723,8,1,0
69720,0.8382953593503686,0.31065759637188206,0.36339805223970956,0.8398242985878855,18,4,0
28406,0.8478991440971204,0.29861111111111116,0.5097094023205077,0.19456260451505017,10,4,0
54046,0.8445756612904012,0.23064381270903,0.642503498855401,0.7298097245447789,14,3,0
63502,0.7980998257386556,0.5,0.21718692897184155,0.681442481884058,25,14,0
68063,0.5602145297696217,0.10782371874226304,0.5955575752912321,0.5201571790226681,10,2,0
68041,0.8263864410490785,0.4666666666666667,0.2744636309770253,0.29229840208101077,32,17,0
27152,0.8324176405942749,0.6404281919049852,0.571874310355456,0.4019770763656633,40,8,0
11751,0.873961817168339,0.5,0.05368464710939458,0.8903300353028614,11,10,0
39606,0.5218397745571659,0.30000000000000004,0.5990538090503854,0.6088451667595689,7,2,0
21496,0.5661265478391497,0.19106091330967512,0.3446292574202462,0.4595837397807507,9,4,0
59073,0.7507687614585862,0.4428076256499134,0.7902685805887294,0.39844475798959494,15,2,0
45692,0.7655144908311302,0.4894040934613295,0.30104549114158996,0.41811913554440727,28,14,0
65583,0.8404473244147157,0.35,0.7302916259151327,0.1386705685618729,9,1,0
37363,0.7320353411413101,0.2712305025996534,0.6190636658940301,0.12211567493496842,6,2,0
33051,0.8750439612472616,0.29459434805938123,0.5058071011601626,0.7055067818654776,34,5,0
20518,0.665866328154032,0.2857142857142857,0.7921200922383075,0.508356849219621,16,1,0
13565,0.8147510731640286,0.47786929516608145,0.7604105684099881,0.6075889539204756,25,5,0
21070,0.8886465757187365,0.3521214967903554,0.5362259644190148,0.5179858788554441,68,13,0
41024,0.7043417939516909,0.0,0.08056712181290604,0.6411371237458194,12,11,0
14310,0.47431525635551336,0.0,0.4177800803030185,0.5835266861761427,7,2,0
3458,0.8605260409287305,0.5,0.5654493068358685,0.2125156772575251,20,10,0
59172,0.7946681917182916,0.3692745729140876,0.7661179729709131,0.24471618357487923,13,2,0
22726,0.7099509666520829,0.40458405065507286,0.24150197315699706,0.4507458310107767,27,19,0
39430,0.8714392452889561,0.2593245967741935,0.11509347335383979,0.8244617474916388,20,8,0
20164,0.8624164263667278,0.5655381944444444,0.5596575083608012,0.40498275501672243,27,3,0
29792,0.7416967257739691,0.5,0.4268685090003679,0.47581666898922337,17,8,0
49076,0.8005977675198863,0.2966493356441364,0.7826150562344005,0.17577921776291341,10,2,0
70342,0.6426063602147734,0.25,0.7370993871003754,0.24490547194351542,6,2,0
39417,0.8167646036889123,0.31863414588199834,0.6030707136949429,0.5212987156261613,32,4,0
66584,0.725687307714849,0.20833333333333326,0.6947191786857798,0.6286594783537719,11,2,0
64452,0.714241378957408,0.044525215810995,0.38168141936582467,0.492454594017094,20,10,0
44304,0.6801849934501487,0.6830155979202773,0.816104027380123,0.22108939520624304,7,2,0
69485,0.8197450768234722,0.4031294792164357,0.6090942574939289,0.49519521088814566,10,2,0
43092,0.7644050069012784,0.8798843674476845,0.5333603416979655,0.15755527684875512,8,3,0
3933,0.888303818951354,0.375,0.49510618616044355,0.05518452712746191,5,2,0
6303,0.7780363557537471,0.375,0.6647288934703817,0.2042427303976217,9,1,0
48030,0.9050849512479311,0.3798898242139144,0.7044104996031777,0.06941657376439986,11,2,0
2259,0.6464767280946182,0.022242396731729452,0.09904748656524087,0.7571903451319213,14,6,0
30542,0.8572122229943364,0.0,0.2199733014597023,0.24958019788182834,17,9,0
3545,0.7608844186111283,0.5,0.40101738812534915,0.5020313661278335,31,14,0
63713,0.842711526848755,0.4751773049645389,0.6297568460176569,0.1912308969713861,19,6,0
59376,0.6686887954474572,0.3582589285714286,0.6166643467433532,0.3391678860089186,13,3,0
60161,0.8977664746686486,0.0,0.5512866847655985,0.030546845968041622,3,1,0
24195,0.8792907236920984,0.5,0.5934892291217103,0.07782742242660722,11,4,0
52931,0.6229022668153102,0.125,0.8164778677113748,0.25517001114827204,5,1,0
32053,0.9092925451552917,0.5,0.33207675197897535,0.1211648096149675,29,18,1
48352,0.6167197464402481,0.34533898305084754,0.4934361840662871,0.8562447742474917,15,3,0
58835,0.7923356339355859,0.5,0.29409460895610606,0.12474916387959867,11,10,0
54183,0.8351804432986498,0.06666666666666665,0.6766191494548356,0.25776924238201415,12,1,0
54650,0.7278877466857798,0.5684368579105421,0.5036509544026062,0.4427132687662579,19,9,0
53268,0.7420237069693592,0.375,0.5348972383328837,0.3836538461538462,11,1,0
39058,0.8522540360158098,0.4714038128249567,0.8071658910647903,0.17584337839093275,14,2,0
64456,0.8228723717976913,0.46810481901093115,0.5077062430269461,0.5703438545150502,25,5,0
53266,0.7720879251465814,0.03479893946089263,0.17577635083167342,0.854878530286139,23,7,0
41845,0.5219470241463973,0.5,0.2234048645957698,0.33606872445187663,6,5,0
65160,0.7936758648565054,0.5381365024345961,0.4887317261577464,0.589118531679673,40,2,0
6278,0.6608341462281679,0.4642857142857143,0.722302316362759,0.7341363573021182,10,1,0
24196,0.9044918246005202,0.33333333333333326,0.6814013532763533,0.032115152359717576,4,1,0
72186,0.5159464854162763,0.15912045060658586,0.7257125437297676,0.41852790551839464,7,2,0
17832,0.6636682460052026,0.25,0.6466622609188603,0.23673355629877368,7,1,0
686,0.7811733772054485,0.2971574415571667,0.5498429009610685,0.31967728075065033,15,4,0
44114,0.7776468113877534,0.25,0.829443165835571,0.6096307715533259,18,1,0
46227,0.715805602006689,0.564516129032258,0.8766904349939043,0.3165998931623932,25,1,0
15393,0.38420366414912804,0.042461005199306845,0.3264460571923744,0.9239583333333333,5,2,0
8931,0.6642694460384349,0.4428076256499134,0.7237545722835672,0.39512843738387216,11,2,0
33840,0.5304427047540509,0.5,0.2516155824311135,0.49900013935340026,15,14,0
64624,0.7611139667512974,0.4407925407925408,0.5438985146393234,0.3026648434596804,17,9,0
3722,0.8334033367898994,0.344804318488529,0.634365832083255,0.15068283166109253,12,3,0
10304,0.6119819805334019,0.4285714285714286,0.815830592239043,0.628792735042735,13,1,0
40095,0.5788143364298609,0.09150779896013872,0.7890177572971063,0.36578206289483467,8,2,0
12176,0.7758493299424005,0.5,0.7767758478810322,0.21497090997770346,8,1,0
35205,0.8424975289326972,0.6042713567839195,0.2776691650656262,0.16049534327387588,18,16,0
4508,0.7405239124316436,0.4338754832688976,0.7302646630983314,0.7254514469528057,16,2,0
20285,0.7503779960981047,0.5909090909090908,0.8575578736279201,0.22956556577480491,8,1,0
47058,0.7978045017166877,0.4315350281389482,0.6790244969086653,0.14494205221107395,8,2,0
36925,0.5808816425120773,0.18181818181818177,0.8826707048070079,0.33811083240431067,10,1,0
61045,0.7309089071940167,0.2712305025996534,0.3845906905427745,0.20027173913043478,6,2,0
57165,0.7778398481047937,0.3999999999999999,0.8477043247333829,0.5209671706614641,20,1,0
27733,0.7039113513298296,0.5,0.6241194752374433,0.5716012286324786,7,1,0
13063,0.7827097697939666,0.27383268482490264,0.41762724447970145,0.7014928232998885,17,6,0
65731,0.6649227169267931,0.625,0.6755102363199798,0.7886035047380157,4,1,0
34218,0.5429401125784905,0.0565819861431871,0.37584670073006454,0.6017038856373096,8,5,0
27664,0.82257292827945,0.5,0.05720258461018379,0.8368671033073207,4,3,0
51538,0.8313003343109631,0.1769578313253013,0.22555226368257264,0.2733965649386845,22,14,0
51137,0.5853162990391252,0.16666666666666663,0.7221453502867116,0.5072428929765886,7,1,0
17544,0.6151943592840332,0.4,0.7877693015882393,0.301322696023783,6,1,0
66160,0.5822381680992091,0.5,0.07716390605694201,0.24561704524340394,10,9,0
56337,0.7983956173752745,0.6003018898035721,0.5299179528372873,0.33468070652173915,25,8,0
71193,0.5837117073500506,0.2577267475447719,0.7321234317473342,0.3264693074136009,9,2,0
35342,0.7505648423816406,0.4375,0.5123475168060985,0.3275844249349684,18,10,0
3024,0.6549110460795243,0.25,0.5656045046096394,0.25992167177629133,5,1,0
50845,0.6930491130771936,0.5,0.6487050986249703,0.30722692539947977,15,2,0
10693,0.9081041863190693,0.26923076923076916,0.06227503916623456,0.5861204013377926,22,17,0
63755,0.8548327446291208,0.45914396887159525,0.4917273168423465,0.2693721548680788,24,10,0
21260,0.7780515604504654,0.5881923922006485,0.6623070673139893,0.4166408282237087,22,7,0
72164,0.5427191700023732,0.04789995280792836,0.5894971613368917,0.22899073299888517,6,3,0
18817,0.6262890132496559,0.3474870017331022,0.8244594367947502,0.5263447603121516,11,2,0
11088,0.7435809836868772,0.45753899480069327,0.2462007055184514,0.06331812058714233,4,2,0
58140,0.860897435897436,0.33333333333333337,0.07293998792666923,0.8598188986436269,10,7,0
15452,0.5536323494618709,0.5,0.4148913398418599,0.7431330708844296,13,7,0
41463,0.5845608874820831,0.1785714285714286,0.9233558513808862,0.716097640282423,14,1,0
38987,0.6812174741341486,0.419909780719395,0.373245744660091,0.6117582334633965,18,6,0
54638,0.5859737371168546,0.30283073367995383,0.6099714442479933,0.5608835005574137,9,2,0
45521,0.665866328154032,0.2857142857142857,0.7921200922383075,0.508356849219621,16,1,0
2780,0.6210062164460942,0.5,0.126593608955482,0.15690147714604236,8,6,0
49808,0.8508082497212932,0.3999999999999999,0.6517316385804639,0.17555915551839466,9,1,0
34810,0.9096025151137204,0.5,0.6723567010531982,0.20004354793756968,26,9,0
40619,0.770011069780068,0.49337121212121215,0.4105466256420357,0.15458530750650315,11,3,0
58405,0.6533263366313637,0.4375,0.6288286322754596,0.3222408026755853,8,1,0
14804,0.7259782608695653,0.3571428571428572,0.4650872768301586,0.14464360367892978,5,1,0
68494,0.7500380233082977,0.32545686999482815,0.40990231010683265,0.47554347826086957,18,4,0
45524,0.7385606618622922,0.4736842105263158,0.6248120855992954,0.6314244820698626,14,1,0
11393,0.785802193295859,0.5298341173557811,0.5879498736214055,0.5727578618543293,33,2,0
54874,0.5579530579497614,0.15684575389948008,0.3750317095286766,0.6178174934968413,9,2,0
33058,0.7045600082284864,0.25,0.5029641794347677,0.26678192354143443,7,1,0
65338,0.7281683683131233,0.5061502659574467,0.738612081470082,0.6197529369997418,35,4,1
68371,0.8952695417583614,0.35730791450028887,0.6106121561328045,0.08642146274619102,10,2,0
55289,0.8194962108916879,0.5,0.4620508978944462,0.04912178325901152,3,2,0
13079,0.5843437813803025,0.2972938101142799,0.4295324383741215,0.7010416666666667,8,4,0
38390,0.613444213208502,0.4134067838573905,0.5761602156749471,0.7634571836677815,9,2,0
12617,0.8503264432466455,0.4131573295072808,0.646772377507439,0.6386746330360461,31,5,0
2778,0.7858498149521107,0.5,0.11593984001221203,0.09478992474916388,7,6,0
29766,0.8245173166011894,0.49858860889764467,0.4992685076138256,0.4209599126718692,25,11,0
4761,0.7482824188518895,0.2647058823529411,0.5651250480379734,0.6829890143069491,24,2,0
1074,0.7479840208101076,0.5625,0.6414918761815662,0.1943053813638053,7,1,0
68348,0.7885634812940128,0.46286587242099075,0.3896630356969667,0.675609090486808,27,11,0
27114,0.5262741121178534,0.25,0.32113866299308247,0.5145763656633222,9,5,0
19925,0.8449114490767669,0.375490891885498,0.5348212375610211,0.3331231419546637,25,6,0
57089,0.6870977000053087,0.5,0.8988891391131745,0.28839128112225937,7,1,0
44719,0.7057310978000336,0.5,0.5248917942114344,0.6824455360460795,12,7,0
27920,0.8008903520995913,0.53125,0.8393078155028828,0.1807239409141583,10,1,0
19576,0.6557615373002601,0.2142857142857143,0.6985488743008976,0.2898144277220364,8,1,0
53596,0.8551619362594343,0.4812260536398467,0.5454009964575106,0.20111047240802676,20,9,0
44755,0.7268960539448593,0.5502871715743003,0.6935484522624069,0.47692017372723894,28,5,0
41367,0.6484349394663933,0.6505016722408026,0.5568478025658525,0.349087045810374,8,3,1
1184,0.8155262507028869,0.331820287169986,0.335689634921325,0.6333173657562244,60,16,0
36020,0.8142614765940623,0.5,0.4847517213913186,0.11374692261241175,10,5,0
53561,0.8856265121856437,0.5,0.4510080493579459,0.04781273225566704,6,3,0
44637,0.7312456037320167,0.368421052631579,0.72336984382894,0.6049775292642141,14,1,0
69124,0.8879971776919454,0.3629716981132076,0.6367702051094478,0.5107197603121516,63,15,0
6011,0.878083504193027,0.3210072031793343,0.4402578931668162,0.6936173239502044,35,6,1
70058,0.728196612237118,0.5153518436903188,0.5475692362459181,0.7061980327945002,19,3,0
3822,0.610449182460052,0.125,0.473661897191309,0.257406052582683,5,1,0
61906,0.8135956784015697,0.5479171448285618,0.6368893209502494,0.2419085028799703,29,5,1
34744,0.5099059631555298,0.5,0.27736465165946345,0.07398272017837236,4,2,0
51716,0.7426607209215905,0.0,0.1304960178886887,0.09754738015607581,3,2,0
23735,0.7248687735355093,0.5,0.7503333015918697,0.27040337002972875,10,2,0
388,0.7214944952384565,0.21977421704297173,0.3634532117140228,0.43111238851727984,26,12,0
34914,0.8135103121516165,0.33333333333333337,0.7387626089343307,0.5406133872166481,26,1,0
12802,0.7679114610555712,0.5,0.42854138406804587,0.432110216926793,12,6,0
5593,0.6923449466403138,0.5505536130536131,0.6213194532598276,0.29887791480862136,11,6,0
64608,0.44554728026792356,0.2640492686682063,0.3353606299398617,0.6865669999189074,11,4,1
61921,0.6766749001367719,0.042461005199306845,0.5414375841505733,0.7826714046822743,11,2,0
55420,0.8057859725318965,0.5333333333333333,0.7146625862048779,0.24701609531772575,12,1,0
32938,0.7413280869032108,0.41086587436332767,0.3533412250696665,0.6412793803418804,30,14,0
62131,0.8874018330644822,0.40618832236842106,0.1058421176555453,0.8284669964697139,18,8,0
14946,0.8254879810266704,0.6469762160654075,0.6500070423139143,0.7831846897064288,26,6,0
4271,0.8696412920601182,0.6804607508532423,0.6788300411073611,0.19913804115570422,19,4,1
20744,0.797446251743966,0.5,0.3541513643297055,0.417107081475288,14,8,0
8243,0.7245566945972161,0.35254278183082355,0.5860514315180054,0.6633846037718321,17,5,0
69845,0.6417578915314424,0.5,0.7842696138388957,0.42725723476402827,9,1,0
2916,0.7493246617249067,0.2437781629116118,0.6863286787787843,0.3774079106280193,21,2,0
33291,0.6462610155544939,0.25,0.6491168243364729,0.2571256038647343,7,1,0
41679,0.5980704263273788,0.0,0.37581273029444784,0.6763703084355258,9,4,0
37211,0.8314988743983772,0.37950120295018597,0.5879040971955246,0.39816750278706803,20,8,0
64685,0.6174681809736158,0.375,0.4610878377582164,0.28702445652173914,5,1,0
69326,0.8260467438713854,0.4052383786426339,0.33753490653243157,0.6620308435525827,21,5,0
7265,0.7380409171849369,0.5670438472418671,0.6583436235317369,0.44354677629134154,25,5,1
20488,0.4913057166592581,0.5,0.20231607671054075,0.17397865570419918,5,4,0
12952,0.7396151470189456,0.5203030737458783,0.6786034643331502,0.3837159745447789,16,4,0
47586,0.5989146046917693,0.0714285714285714,0.45759008338760165,0.44435967112597546,8,2,0
43818,0.572088353074488,0.05757931844888364,0.5858986186335271,0.5460353957636567,9,4,0
4143,0.666473967042921,0.2857142857142857,0.7932845231975325,0.5078203386287625,16,1,0
51007,0.9052327201783723,0.5,0.05574913424945849,0.9119588442958009,6,3,0
6364,0.7574653452003501,0.3039118593711315,0.7949404347251272,0.32969620958751394,13,2,0
19449,0.7559330495653125,0.4552102376599635,0.12466946330634632,0.36117701365663324,24,12,0
11746,0.7470339426091785,0.6118074667943041,0.5946157002413069,0.45321703130806396,9,3,0
21545,0.8048779288075378,0.46439859283489193,0.5352271591122142,0.3917598592530658,22,8,0
36999,0.690164348356612,0.28648180242634314,0.7426328100670789,0.7475624767744333,15,2,0
42640,0.8347223102105598,0.30543639872307127,0.47371628043902425,0.4221014492753623,48,4,0
11347,0.7597379908524274,0.4636048526863086,0.6634527785045569,0.15056118775548125,12,3,0
50090,0.5472424798540012,0.09965337954939346,0.6773874474462829,0.7173306275548124,11,2,0
10544,0.7343431667751481,0.3735277621985418,0.3366130359452377,0.4398216857116314,14,5,0
28225,0.8542082875719776,0.4885703984135569,0.45470293636122694,0.18022894602378298,18,4,0
14085,0.6993582485600149,0.5,0.7258230554906087,0.2089882943143813,8,1,0
32734,0.8210430166527314,0.25,0.589691333725327,0.1824501811594203,9,2,0
55912,0.6116096648063671,0.6143847487001733,0.7744895585985878,0.8512649224266072,6,2,0
497,0.8868642378631743,0.5303292300716973,0.5914967106629947,0.3579713048123374,54,10,0
33603,0.6169306683021974,0.5,0.5304776477059412,0.21456765607580824,5,2,0
72056,0.6804218426501035,0.41666666666666663,0.5826962500710657,0.27928105258268304,7,1,0
60912,0.7547745958751393,0.375,0.6808855476008306,0.6451226309921962,8,1,0
57329,0.632859338226186,0.4,0.54209578649118,0.33106913089929396,6,1,0
7169,0.6922529273432318,0.3891519736319594,0.647540381399178,0.778913507989595,12,3,0
72173,0.630138833606039,0.31819757365684587,0.6917559324989121,0.5648646530100334,13,2,0
3258,0.6979046651438521,0.4570292588439189,0.7923966403692538,0.5004883175399479,17,3,0
4584,0.45222121589019243,0.0,0.15185521003574598,0.7219969342251951,5,2,0
47964,0.8603279398537184,0.42209234706174126,0.6576899509106404,0.22124849033816427,18,3,0
2941,0.9102723004149634,0.5848130841121495,0.490712436786904,0.22554609113712376,30,9,0
70650,0.7255277915882732,0.25566737986033106,0.3707415522883595,0.22219202898550725,9,4,0
39023,0.5189082350748295,0.2570768341998846,0.5556098725287811,0.22143516583054626,6,2,0
15660,0.6440535132717555,0.15266448542866073,0.23346643041400672,0.4429478469899666,17,3,0
30240,0.6291136833426236,0.38888888888888884,0.7753302719500452,0.29223482209215906,8,1,0
21186,0.7800365406190608,0.31305299644257967,0.8277145187659904,0.27671927257525086,17,2,0
22751,0.8060816141777822,0.5576094550535631,0.7559481377653203,0.5127511264399851,11,3,0
29472,0.8723337119343906,0.4938917975567191,0.46091660044285143,0.3269294639539205,22,7,0
28652,0.7778260744783143,0.4553571428571429,0.3313954353787736,0.18964749396135266,6,3,0
362,0.5554647867491755,0.07078763708873381,0.493172580365563,0.7165345712560387,16,5,0
11475,0.8185117809881395,0.26923076923076916,0.10517183141509334,0.5348235437569677,21,17,0
46609,0.6391256385440052,0.3082191780821918,0.3896306571874457,0.20846310618729097,8,4,0
45136,0.6590809062616128,0.5,0.713419976862427,0.1664614107209216,4,1,0
25069,0.6341820574376782,0.2184008762322016,0.155382793398533,0.5042491174284652,21,12,0
65877,0.6798490984884249,0.5915077989601387,0.7693002245186216,0.3065417711817168,11,2,0
48112,0.9068082692796652,0.3125,0.8152371083573506,0.10977883454106281,19,1,0
5889,0.656468449357942,0.38888888888888884,0.6533782075590949,0.3480336654589372,9,1,0
37413,0.8151511054564706,0.41098594261505883,0.804343021946837,0.3833638168896321,23,2,0
57649,0.7700522085682457,0.5366062683643487,0.4687318022276603,0.40282190635451504,25,8,0
16433,0.6841460170264518,0.2666666666666666,0.9125572141428377,0.897933505202527,11,1,0
35684,0.8435833357168805,0.5556325054048795,0.6367736919346054,0.6670243403939057,35,6,0
61809,0.6709336772407801,0.4461718829646244,0.5815538269956249,0.4033000627090301,16,2,0
42521,0.6142623602737478,0.5,0.6017838463011802,0.25317203177257525,6,2,0
12393,0.8874738541005383,0.3913324708926261,0.43798685071754595,0.0738021413972501,9,5,0
7410,0.5393296368049577,0.08091557533084104,0.04979494411655083,0.7050085934596805,8,4,0
70943,0.5715014651138006,0.550837666088966,0.691108064280469,0.36900054580081754,8,3,0
12449,0.7768277298597666,0.32000000000000006,0.7323215795916238,0.2833403010033445,19,1,0
29337,0.8308169826389673,0.36150568181818177,0.5543115542015842,0.4969902568747678,51,10,0
3380,0.7142292789830276,0.14621909851337223,0.19182650346063201,0.8072486993682646,14,6,1
59717,0.6989055596845453,0.35,0.702319351774627,0.29285988015607584,9,1,0
68319,0.5372147079262217,0.08925318761384338,0.26799022096199154,0.33546195652173916,8,4,0
1281,0.5980169004841223,0.5,0.6500769203360041,0.6885918919546637,9,2,0
65126,0.8603557545379842,0.2714279532144208,0.6959848629899008,0.157381665737644,13,4,0
14549,0.5910614471076427,0.19999999999999996,0.6082343919039207,0.2704361761426979,6,1,0
8869,0.7317072119852619,0.3365932161426095,0.7622042426506875,0.44464650687476776,13,2,0
6422,0.8856956086154013,0.41310942831767394,0.48637275733804686,0.7754415760869565,30,7,0
5782,0.6003759716287662,0.0,0.19905903925064805,0.5627078688219993,17,9,0
29002,0.6165295600146496,0.4084922010398614,0.6936407280135457,0.30395676560758084,9,2,0
55150,0.8064351996713464,0.5210864345738295,0.7440771250775392,0.6802954292084727,27,5,0
20147,0.4118018297037046,0.48584633160023116,0.5290933917752699,0.8014727912486065,6,2,0
71700,0.8613602882624621,0.75,0.783382226425997,0.0646152684875511,7,1,0
49831,0.8261120437564846,0.37521663778162917,0.6140678298300575,0.18129761241174286,11,2,0
21120,0.6159680960551375,0.3999999999999999,0.6355962669644033,0.18882501858045336,6,2,0
49203,0.5435147230684947,0.1385781503694622,0.3667159364159047,0.7736691750278707,16,7,0
19730,0.7178446411117272,0.38561525129982677,0.7538562524389869,0.4457610437569677,23,2,0
2913,0.903522721097989,0.5761682242990653,0.5114679372543457,0.24439218691936085,27,8,0
56172,0.5550711354428106,0.33333333333333326,0.6296214561779878,0.27730107302118173,5,2,0
36410,0.8131000621170059,0.5,0.4311222850979235,0.05713692632850242,5,2,0
20141,0.866012971395459,0.5,0.41859944889016565,0.1619225543478261,12,6,0
865,0.5193821024164902,0.0,0.39556318142404456,0.5787091230026012,11,3,0
19032,0.8494668812641076,0.33124346917450365,0.6429313257394718,0.33941901244890377,28,6,0
54549,0.8610284715292496,0.5960399350339162,0.6176621530411122,0.38067807041991825,39,7,0
17368,0.7744780633801798,0.125,0.6017273897985596,0.7188728051839465,22,6,0
39418,0.856587142671207,0.2543316831683169,0.42830808739870496,0.7753472222222223,30,5,0
54817,0.7686801507303231,0.3704872434298867,0.48000453905136964,0.49995471014492754,24,4,0
505,0.7376548676178465,0.5,0.05396081711407619,0.7833629459308807,17,15,0
44332,0.8144519165512477,0.31908831908831903,0.402829490550344,0.2170156308063917,17,11,0
7387,0.6314472049861951,0.5,0.6914019676058172,0.16514510172798216,5,2,0
57450,0.7930772595860005,0.37888673667040473,0.873122847096641,0.3577285976402824,24,2,0
68572,0.5972342572886051,0.25,0.8321259746235853,0.5571941192865106,11,1,0
23536,0.9037869286510591,0.5,0.01072712772283968,0.895108695652174,3,2,0
11730,0.7709434115158145,0.6490766223924056,0.5983586925883401,0.38889817911557045,8,3,0
16664,0.7554670158773311,0.55412633723892,0.5166890309313098,0.5564369658119658,35,10,1
54536,0.5170661464139725,0.0,0.05555555555555558,0.7351170568561873,9,1,0
60228,0.5385766593590662,0.8193670690188796,0.3931651554076723,0.7323909559643256,9,4,0
22291,0.5613574985995852,0.05228471001757473,0.24010081655905036,0.460025606187291,14,3,0
49626,0.6354537220026351,0.45833333333333326,0.8378559044192073,0.4062679998141955,11,1,0
45225,0.8739327647656778,0.3207600360847993,0.5801508508923449,0.24580546265328876,27,3,0
33614,0.6261286830435491,0.5,0.5376125836456384,0.1962267163693794,5,2,0
47816,0.8087060211617517,0.5,0.4540273523224385,0.12068149619100707,5,2,0
29570,0.7857764799463053,0.46286587242099075,0.39236312442830434,0.6786408979004088,28,11,0
11960,0.661903973894463,0.38888888888888884,0.7394380255892012,0.4074530843552583,8,1,0
55812,0.9038997115892291,0.08249077194671806,0.402786095339986,0.18715887448903754,12,8,0
3370,0.8383713071348942,0.34615384615384615,0.6601192383070138,0.12062517419175028,10,1,0
3521,0.7104352471200297,0.5,0.6366882031859196,0.17577108881456707,5,1,0
22845,0.503248385823114,0.5,0.5629761080332409,0.8173303372352285,4,1,0
19758,0.8228952679270463,0.5,0.4715122724600146,0.22334837188777407,19,10,0
6506,0.9024085937329224,0.5,0.2575784915193071,0.025305416202155335,3,2,0
49013,0.7622025675863991,0.75,0.8394031643174334,0.5913179928465254,8,1,0
37073,0.8739060473043476,0.12808089500860587,0.7905505620278122,0.28388116638795985,23,4,0
48081,0.9003862309770398,0.2932457212713937,0.5378805256506909,0.1044581475287997,23,4,0
37731,0.6255296668978758,0.2916666666666665,0.47501578600889394,0.456201226309922,11,2,0
1460,0.6533356703808253,0.5,0.7342449734005887,0.3128626091601635,7,2,0
64656,0.775151643595937,0.3214285714285714,0.6339919847177912,0.5217983556298774,12,1,0
13897,0.7626319634471808,0.10714285714285698,0.8617262603133752,0.6002328363062059,11,1,0
44390,0.874186473118284,0.4705761454028352,0.6644227140811273,0.4179176537532516,47,4,0
24117,0.795740099272708,0.3999999999999999,0.6949676939197305,0.1587551676885916,7,1,0
69542,0.73353649968249,0.4716926632004622,0.7409313714664015,0.21220909977703456,7,2,0
50769,0.6107957354880863,0.23854914582817544,0.7771317899349355,0.37755655425492385,10,2,0
54284,0.7036380708820145,0.030329289428076334,0.41124311283798565,0.41855374396135264,9,2,0
65259,0.8205267007458847,0.6,0.6510561669185779,0.13808412300260126,7,2,0
6284,0.9131103004920118,0.6148382559774965,0.6631649523259442,0.24902104236343367,54,8,0
40336,0.6999239362690449,0.5,0.6258729250637777,0.18955662393162392,4,1,0
7995,0.614025266974602,0.2140381282495667,0.7724463492971019,0.42105223429951694,11,2,0
58270,0.5357894693970535,0.050000000000000044,0.5484776793268995,0.5545847268673356,12,2,0
57024,0.7796461675480306,0.3928571428571429,0.7239596135572359,0.2939247723894463,11,2,0
61683,0.8078771930103124,0.22995978552278828,0.6126215570201349,0.5709189776105538,19,5,0
56610,0.8240106145401762,0.4001299826689775,0.641498846029794,0.42288211863619474,20,3,0
28120,0.7705473756538677,0.43375299760191854,0.40224985894931553,0.17042340208101078,9,4,0
43431,0.7478048828743273,0.06481481481481488,0.36731791497741817,0.40367051049795616,8,3,0
12612,0.5341175363413703,0.042461005199306845,0.3790013485722721,0.13752090301003345,4,2,0
57985,0.7445630399944259,0.5,0.6702517423330945,0.1936838071348941,8,1,0
52354,0.9005336306205871,0.43137254901960786,0.8523126054997747,0.1996913902824229,25,1,0
64005,0.5528631743357462,0.32524552281917973,0.5096574064730424,0.5279952271460424,9,3,0
53044,0.7605361807234077,0.6741767764298093,0.5943051979083681,0.17939630945745078,9,3,0
7745,0.6463623568320251,0.17190207972270377,0.4805067307626776,0.7325883732813081,15,4,0
38714,0.6191149731910601,0.2941176470588235,0.9164153404307513,0.6976005086399109,14,1,0
34223,0.6587282716169245,0.22547660311958406,0.7179902076256478,0.31909606094388704,8,2,0
46528,0.6107698888269542,0.045454545454545414,0.6377893518518518,0.6437932576179859,12,1,0
56362,0.8228316768818413,0.54546783625731,0.5891277170452948,0.27557483277591976,24,9,0
52143,0.8729354836021863,0.4389948006932409,0.7561949391298618,0.10772714604236344,14,2,0
22622,0.7217272573086118,0.3547529313232831,0.49175471670915116,0.6681957799145299,28,7,0
16112,0.8180095034900012,0.36943757725587134,0.3819683795829457,0.16035976402824229,11,4,0
12209,0.5645411919412053,0.5,0.336804471518508,0.678856024712003,7,4,0
62264,0.8798273443694136,0.16265935825583544,0.5026061795144227,0.41778933249721295,60,9,0
8150,0.81290209262356,0.5357142857142858,0.8263148332038108,0.12961637170196952,8,1,0
8877,0.7370500239732094,0.35969868173258013,0.3263993150743445,0.8353115709773319,15,5,1
11233,0.7901024894145633,0.18921284558734763,0.3587069778374261,0.441890212746191,31,4,0
13896,0.7677545088495221,0.0,0.45961443382129696,0.5941474475102193,11,3,0
7831,0.6624880110019207,0.36968528313903093,0.45105666148088397,0.7128785767372724,15,4,0
16312,0.7657528533232606,0.4787694974003467,0.6323554956049093,0.10390450808249721,7,2,0
31033,0.6779765442170781,0.5653627135429562,0.8305563378434873,0.24477308621330363,11,2,0
9530,0.77016204506462,0.39917695473251025,0.34998885604497976,0.42798129180602007,29,12,0
44818,0.8527357671260979,0.2845160953177257,0.6727934117287995,0.5136313754180603,38,7,0
9152,0.8454281874492007,0.4632420091324201,0.47416046668246015,0.2606648899108138,21,5,0
55388,0.8341173904568058,0.4776045134527791,0.6096216356335477,0.6607270183017466,37,6,0
60796,0.5188750015264905,0.036395147313691645,0.47341925052400924,0.868100845410628,17,2,0
49520,0.7593516614409895,0.4677941176470588,0.2935402595951597,0.22167961492010405,25,12,0
32936,0.7425176153977753,0.43965517241379315,0.36338773074073605,0.4940629645113341,24,12,0
10482,0.7323848468422806,0.773339455157637,0.5535235463605819,0.1741511055369751,6,3,0
36977,0.6368032329988852,0.4,0.636825183607287,0.2831266257896693,6,1,0
13410,0.7757421425242612,0.5,0.26942818054072104,0.21790023457822372,14,7,0
4214,0.7619763741646042,0.4375,0.6867771533335172,0.16782417084726867,8,2,0
30767,0.8268902384363412,0.5440647482014388,0.45221965614552584,0.1443582195280565,11,4,0
30450,0.7301640388596911,0.7857142857142857,0.6510610835314186,0.23181496191007062,7,1,0
34521,0.8844995885756755,0.33333333333333326,0.7076831865224722,0.07780332590115199,7,1,0
2942,0.871758662351461,0.5,0.41347672311530337,0.1491084285581568,19,10,0
64430,0.852573850325056,0.5,0.630718595317065,0.08409629319955407,7,2,0
26788,0.8112981875210136,0.4722222222222222,0.8203725772547461,0.40162375743218137,21,1,0
55033,0.6439454137596469,0.042461005199306845,0.6052942076034261,0.7850195094760313,8,2,0
29313,0.7111808221933802,0.31917966493356453,0.8360089166801732,0.36771007525083615,13,2,0
44823,0.8909206881066365,0.2075617283950617,0.3080700414164309,0.2195181856187291,34,12,0
36113,0.8020093722809584,0.4468546637744034,0.30819964062074545,0.5491000092902267,20,9,0
32966,0.5756257178811527,0.1499999999999999,0.8841441272226396,0.5828174354329246,11,1,0
21598,0.6967387274647152,0.036395147313691645,0.730965764612405,0.36252380620587144,11,2,0
17620,0.6687467484206614,0.7,0.5421424694038689,0.30746934225195094,5,1,0
55417,0.8429871435352749,0.28181818181818186,0.5007305264340534,0.5281183226495727,29,12,0
37879,0.8571254232326189,0.375,0.04930464535992729,0.04286713814567075,5,2,0
62634,0.6052930361070701,0.019270348570454843,0.2703611345594932,0.3703003065774805,15,6,0
3116,0.6972909928266945,0.653444540727903,0.5445689033485803,0.7839914878298031,11,3,0
41346,0.7680459750092903,0.25,0.6553898974028924,0.359563127090301,8,1,0
17087,0.8515007850158922,0.40696029801390465,0.7640927539446103,0.303100613154961,23,2,0
48847,0.5697583327738058,0.0,0.1628144955237084,0.41140549516908215,13,13,0
51831,0.7033279511285586,0.5098452883263009,0.7560011827238255,0.6173643046265329,12,2,0
63473,0.9065496098104794,1.1102230246251565e-16,0.4698961420618649,0.20836120401337793,5,2,0
52998,0.6392481109872414,0.5,0.7153910968648022,0.07059759383128948,3,1,0
2627,0.7180531274281274,0.5,0.800113311527255,0.34716677118171685,11,1,0
5871,0.6602828293385359,0.33333333333333326,0.6419904303087507,0.15354044732441471,4,1,0
35716,0.8164065296599015,0.34851211903047763,0.2541999180055018,0.7345384499256782,16,4,0
24090,0.8303190280432129,0.3555555555555556,0.802195301664355,0.49052687198067635,28,1,0
54194,0.669970039018952,0.44999999999999996,0.786544184981685,0.45733811780007433,10,1,0
30019,0.6433926580665711,0.33333333333333326,0.6184012584012584,0.23617672333704942,7,1,0
68211,0.6568831547545315,0.41666666666666663,0.8951720295192263,0.4054243311036789,9,1,0
41937,0.864063615994518,0.45753899480069327,0.4281498990375009,0.12359369193608324,8,4,0
58013,0.6999802149970986,0.5,0.5994274434255976,0.10130353493125233,5,2,0
54551,0.8614131244249192,0.6169389509888221,0.6620276886346501,0.3898730722779636,40,7,0
36293,0.8272572145713621,0.5487736371548382,0.6820853948944341,0.563552698810851,42,9,0
7627,0.692826493403939,0.33333333333333326,0.4348083636816181,0.19926926560758082,4,1,0
25255,0.8041267039840749,0.5735089186176142,0.624282914461056,0.7412552838164251,28,5,0
62331,0.6203357415238585,0.3039118593711314,0.688211945483725,0.7938533537718321,14,2,0
17576,0.56049795615013,0.5,0.5934343434343434,0.689727331846897,3,1,0
15677,0.7471099761898796,0.5,0.6011387420136594,0.43444757989594945,12,6,0
32309,0.7087391689159642,0.5,0.5075297642804412,0.10602355072463769,5,2,0
21777,0.5168396445579226,0.43847054207372627,0.29818224618565226,0.7926836561687105,12,5,0
71246,0.8191254985495219,0.5,0.5573651701941046,0.1491789762170197,11,4,0
20910,0.6707336182336183,0.47619047619047616,0.6839372748463657,0.5476063150315867,15,1,0
8559,0.7102697649572649,0.55,0.8332186413466205,0.36660569955406913,10,1,0
11082,0.5850798959494612,0.19999999999999996,0.7402167182662538,0.25625929022668154,5,1,0
2517,0.8063260889062859,0.4016824395373292,0.5598440791763093,0.4763337281679673,26,4,0
45969,0.8038814364779983,0.0,0.08581078785612473,0.6237356582125604,14,12,0
11150,0.8785392287201212,0.3474870017331023,0.5865226242751767,0.11245848429951691,8,2,0
33709,0.5937407097733185,0.30000000000000004,0.5268668152688771,0.29109531772575253,6,1,0
2573,0.7983266013170367,0.33483187134502923,0.6473173845779037,0.5701734369193608,31,4,0
35573,0.7928900907083958,0.4690656565656566,0.591997460585447,0.15319816053511706,8,3,0
52170,0.5938204082853366,0.4636048526863086,0.49231611785204876,0.5485138540505389,8,3,0
58038,0.7309231907162781,0.33333333333333326,0.05725190468639196,0.05150617800074322,5,2,0
9438,0.7240503646413972,0.5,0.7526954995303066,0.2266704988851728,8,1,0
65512,0.7924429365691907,0.5,0.8700850659346668,0.6071944096060944,13,1,0
44255,0.9691534046421701,1.1102230246251565e-16,0.0777966582691243,0.9740030425492382,16,13,0
39096,0.5814760026298488,0.23076923076923084,0.8969687944783815,0.44684132292827944,13,1,0
47417,0.5907855731225296,0.36363636363636365,0.8048068871302863,0.5330270461724266,11,1,0
17587,0.8052485393298109,0.3078601315002988,0.7375490565612706,0.701833948810851,26,3,0
37940,0.7608242825612846,0.3923437659292487,0.7770053321036713,0.4537837351356373,15,2,0
9075,0.8466549360127532,0.5129821421181144,0.6410309270904702,0.5888764051467856,21,4,0
15668,0.6039584702198437,0.4237435008665512,0.7070776740822123,0.3652356814381271,9,2,0
2013,0.6409692028985507,0.19999999999999996,0.6218038262982083,0.20435914855072465,5,1,0
650,0.7882710446354999,0.5,0.08986808031252924,0.7854314729654404,24,22,0
22730,0.7400572569999412,0.33333333333333337,0.08349532452359765,0.772583089464883,15,11,0
56300,0.7186040953230077,0.34973042662916076,0.729371283643629,0.6115082683017465,18,3,0
59010,0.47356278988321987,0.04253940215138685,0.0646228173183152,0.899082299795615,13,6,0
36525,0.7114934115076001,0.5,0.3411636948210095,0.2804440728353772,11,4,0
9895,0.891965560355506,0.33333333333333326,0.466769352227981,0.03947475380899294,5,2,0
8134,0.7438804115570421,0.4375,0.8076545330358326,0.356195419918246,11,2,0
31630,0.7580826097484272,0.42945075757575757,0.23952942977199576,0.4689686106465998,24,9,0
69867,0.8920557606543497,0.3427209705372618,0.7962624283732842,0.2446247329059829,27,2,0
38250,0.8262499557303824,0.599464998869716,0.7573431215804853,0.2985089186176143,20,2,0
492,0.7565374958493702,0.11642507699613391,0.46830444241068825,0.1530579361761427,9,3,0
66262,0.7418049800051775,0.12532804884580362,0.4091254946606965,0.8328627252879971,24,7,0
48535,0.7842833988881999,0.5,0.42795575594511004,0.16085156540319584,5,2,0
66870,0.7602347092257518,0.44812916543532255,0.4050633986443761,0.5403904217762914,19,8,0
2561,0.8455892164167725,0.47300793768478644,0.41481923410016863,0.4105780843552583,26,11,0
26922,0.8323834076551467,0.5909090909090909,0.8204096336149598,0.1061161626718692,7,1,0
13921,0.5068039297658863,0.16666666666666663,0.4916122327790974,0.26983231140839836,4,1,0
59557,0.7851835680341739,0.21646016672987678,0.4164359635936761,0.2470944816053512,15,4,0
35417,0.7477307561410483,0.34114713216957604,0.40224402229719813,0.44319374767744335,26,13,0
66150,0.7673894974872465,0.5,0.05066223598377251,0.3569087351356373,9,7,0
48709,0.8879329871173383,0.4277311303072451,0.20819687472853776,0.8588158444816054,15,6,1
51057,0.6379233799155322,0.2513227513227513,0.31425149892775295,0.8276218761612784,11,4,0
2128,0.7185001314677865,0.3262564991334489,0.6850148976417467,0.24836550074321814,10,2,0
13895,0.7681363498722253,0.0,0.45961443382129696,0.6418759870865849,12,3,1
37081,0.6994104801726919,0.2712305025996534,0.4160901971041605,0.12458687523225567,5,2,0
35472,0.5729764985391239,0.10410163024627128,0.3274675096562265,0.4757435084541063,16,8,0
20233,0.74189122609739,0.19999999999999996,0.6552930027417635,0.21533758361204014,7,2,0
37461,0.5948327336914293,0.25,0.5828300865800865,0.4887109229840208,11,1,0
17085,0.8522149523582041,0.39433853264009255,0.7806763892127953,0.2188847082868822,19,2,0
45855,0.6851159633358601,0.575827205882353,0.5941519390035283,0.5093767419175028,10,3,0
21172,0.8418596583091912,0.5315336837075968,0.42559482485264755,0.3850999280007432,40,12,0
53193,0.6654141369833224,0.4227771620607057,0.4538389888506974,0.4161766072092159,8,2,0
47646,0.9532748049052397,1.1102230246251565e-16,0.49813645701668663,0.17968227424749164,3,2,0
62722,0.7852438122388976,0.08383233532934131,0.39688600044569644,0.16254587049424007,13,7,0
25635,0.5035912235655214,0.33333333333333326,0.05810186495774494,0.09989751718691936,5,2,0
21397,0.9106612868284228,0.16666666666666663,0.2442648929016692,0.0508355397621702,6,3,0
50770,0.7866346330986679,0.2790300546448088,0.6244129851426693,0.48643307552954296,22,5,0
15001,0.9002726817013502,0.2140221402214022,0.45019622869621845,0.5133073787625418,71,17,0
19605,0.4425909453892803,0.0,0.19157608695652173,0.9576342437755482,7,7,0
62483,0.8047337022880501,0.5138888888888888,0.7991238279349298,0.6989432367149758,21,1,0
8717,0.716302110021798,0.417298526863085,0.6314827257081982,0.5281679672984021,29,9,1
37325,0.7858732708424706,0.4400924321201618,0.6920439631542001,0.6467487109810479,24,2,0
21050,0.8540523404102827,0.4206239168110919,0.7743820759922182,0.3796390166295058,20,2,0
7738,0.7362981749661351,0.5,0.573209175653656,0.1921726937012263,8,2,0
50563,0.5936860601853513,0.43497082627517414,0.23556616109409445,0.7389785976402824,14,6,0
879,0.7128264353400222,0.25,0.7004973509429062,0.2964505527684876,10,1,0
68441,0.8873542828098344,0.4313691507798961,0.7487885089291637,0.3563182251021925,17,2,0
42020,0.8260937348528913,0.4556159420289855,0.6701018310969878,0.12364478818283166,10,3,0
62574,0.8297408159698172,0.25405564428007055,0.4626535544171161,0.16012373420661466,16,9,0
46312,0.8657461828896615,0.5720147533425541,0.5339646477457145,0.23265688870308437,24,6,0
36980,0.8340101123929585,0.3615307150050353,0.49246099321261316,0.17349585423634337,10,5,0
60876,0.6850726806635539,0.0528805511088728,0.21643846827399948,0.6842681623931625,11,6,0
32484,0.7487077669032214,0.5714285714285714,0.7689571972391096,0.3135178604607953,12,2,0
69351,0.5523194748163394,0.5,0.4787765369543686,0.8104166666666667,4,2,0
33289,0.8281136281240997,0.08766859344894029,0.26947521943909225,0.4770673657562245,30,14,0
12921,0.8038705050101367,0.033808724832214865,0.42523967304452204,0.6344083867521367,30,6,0
36434,0.6659027132116149,0.048133595284872266,0.2550475726043546,0.8709575901151988,13,6,0
43736,0.5397944924439488,0.09999999999999998,0.7136162184284209,0.28665342809364547,6,1,0
56999,0.7785164564161016,0.4618380062305296,0.3350111991160376,0.21605118914901525,16,11,0
30358,0.5428258401168531,0.23878698620966654,0.5814890998788875,0.9198334726867335,10,3,0
32808,0.8915716773190305,0.4688402657423455,0.5143960512826403,0.1604387309550353,27,9,0
53065,0.6740031945016027,0.5,0.6450248997643604,0.1051453339836492,6,2,0
60906,0.8842728521710546,0.5245901639344263,0.8102074669708227,0.2537593482905983,26,1,0
68335,0.7229114284829087,0.28717768401312715,0.6876337160854353,0.6959024293942773,15,4,0
10128,0.7852438122388976,0.08383233532934131,0.39688600044569644,0.16254587049424007,13,7,0
52188,0.8975558961972006,0.5,0.6113388656993308,0.025379157376439986,3,1,0
2101,0.7121376932351049,0.1428571428571428,0.27985002518988755,0.33346571906354516,7,2,0
3196,0.6176840626161277,0.2272727272727273,0.8077691099990187,0.4228077968227425,10,1,0
7701,0.8443357639539635,0.5,0.4892720500367692,0.2648820721850613,27,11,0
9140,0.712041154123964,0.5702065559048046,0.7639278948379791,0.567323950204385,31,4,0
22347,0.8252044760577817,0.44227118923826025,0.860730405578239,0.8350944119286511,15,2,0
28110,0.8856749654580431,0.4829149232914923,0.483130197052015,0.36905570652173914,33,17,0
40928,0.680137753416739,0.09999999999999998,0.3038194444444444,0.3430648457822371,9,1,0
64417,0.8589038578802314,0.4911880248979209,0.30346642971682547,0.39179063312894835,22,11,0
69286,0.5074550198191502,0.25,0.5993741820640207,0.23958449461166853,3,1,0
