,screen,smallness,misalignment,imbalance,density,elems,groups,ungroupeds
0,320,0.8702947411725082,0.5516066212268744,0.4681736038905872,0.2566767697881828,40,13,0
1,39729,0.6087250712250712,0.4,0.7328236359713729,0.2337978446674098,6,1,0
2,8555,0.6773202341137123,0.4444444444444444,0.8224041533546326,0.2774746841322928,9,1,0
3,38398,0.7345428714711362,0.4351943550383759,0.7696763590913445,0.4639414367335563,19,2,0
4,66542,0.6580961185851548,0.3474870017331023,0.7879952044967546,0.1922745958751393,6,2,0
5,50721,0.6624596269611718,0.5,0.778203811835588,0.5988419151802304,13,2,0
6,68970,0.7635580904602643,0.5,0.6505455511031719,0.1818547356930509,7,1,0
7,39647,0.7962160886298267,0.4654735914077136,0.528673305530535,0.7273013633407656,24,3,0
8,7953,0.5926716701173222,0.0,0.0595238095238095,0.4015700483091787,14,1,0
9,19574,0.6311444527024237,0.3999999999999999,0.8034977324263038,0.4192688010962467,9,1,0
10,49936,0.5884874183787228,0.6111111111111112,0.7599046390565256,0.2914698299888517,7,1,0
11,18942,0.5090041798241975,0.0,0.2971025752376997,0.7610823694723151,9,3,0
12,12675,0.7563732730558931,0.4920030790283954,0.5320862384530217,0.3171134685061315,9,4,0
13,24965,0.6459332032701598,0.3333333333333332,0.6092333471531233,0.2906296451133408,4,1,0
14,34389,0.6078401771336555,0.25,0.5973701601617167,0.1782271924934968,3,1,0
15,58072,0.7824018275019047,0.25,0.8416997833831402,0.3238535279635823,19,2,0
16,546,0.849303453617525,0.5,0.55681977049364,0.0669247607766629,8,4,0
17,25075,0.7588818399682639,0.5,0.3740627747150256,0.0790116360089186,3,2,0
18,18483,0.8217497866844683,0.2674554474263022,0.5718556666013179,0.5761612783351914,25,4,0
19,43086,0.7912999301381394,0.5,0.55311120589253,0.1012399549424006,5,2,0
20,26246,0.7559071969080957,0.213277933339355,0.7610589431026188,0.1868075877926421,8,2,0
21,8659,0.798157741709318,0.2629343071717422,0.61443702490082,0.590976867335563,39,8,0
22,8613,0.828453354540311,0.4185298935298935,0.5864895161391919,0.1824234717577109,16,3,0
23,6013,0.8159609720685363,0.5711678832116789,0.079566483798677,0.7084175260126347,25,23,0
24,38792,0.8230665609701341,0.4166299073665637,0.4682583941846723,0.1779818724451876,17,8,0
25,46814,0.7036484110605276,0.2792642140468226,0.7345042605003376,0.2767509174098848,7,2,0
26,9828,0.7201737946767108,0.4261627906976745,0.442988305941641,0.3758924424005946,20,12,0
27,17135,0.7588999375365089,0.5,0.4865259916459402,0.0667827945001858,5,2,0
28,70174,0.8851148798231179,0.5,0.5867216507465323,0.0320724753808992,4,2,0
29,38968,0.7201737946767108,0.4261627906976745,0.442988305941641,0.3758924424005946,20,12,0
30,295,0.8721841672674427,0.5390092502434274,0.4692004162797289,0.2517088210702341,40,13,0
31,46762,0.8455638228799982,0.4205090190718341,0.4829357830326342,0.4121368102006689,29,10,0
32,58115,0.5896744259725573,0.2846875318584974,0.7885256966267916,0.619331800445931,16,2,0
33,70500,0.7342186137502851,0.0432717781659045,0.3707196608625459,0.8014931136194723,21,7,0
34,1068,0.8219092638500891,0.5,0.257665885443481,0.3141873374210331,8,4,0
35,54880,0.7035215930012949,0.1639606123143604,0.400435787662722,0.8439866104607953,31,17,0
36,53381,0.6055097680097681,0.3333333333333332,0.8542662165766473,0.3470178372352285,7,1,0
37,65584,0.8423748610113992,0.5,0.3190612358464801,0.3884066680602007,18,7,0
38,9735,0.8056944731465087,0.5757703553756185,0.6230932961414721,0.3229657306763285,23,6,1
39,68347,0.7998405824668122,0.4583051171959482,0.3400352056341369,0.678159548030472,27,14,0
40,70950,0.7135734827412169,0.4168110918544194,0.6662409968901024,0.3595590626161278,11,2,0
41,46705,0.8286493171683389,0.5,0.05119824507929,0.9107548889817912,3,2,0
42,19342,0.4471466897406908,0.0833333333333332,0.3827231280745917,0.7819932181345225,9,2,1
43,69913,0.691180671683389,0.2142857142857142,0.4190484906510474,0.3378675445930881,6,1,0
44,31104,0.8125489517113558,0.0524064171122995,0.0816822337539056,0.6820001858045337,9,3,0
45,28535,0.7195004997723331,0.5,0.4172501400475285,0.1064183853586027,4,2,0
46,13575,0.7863981137808633,0.5830931796349663,0.6740948839882013,0.8277905518394649,35,13,0
47,30518,0.7944481863413022,0.5714285714285714,0.5838845976100878,0.2447246028428093,9,1,0
48,62160,0.8579793489075065,0.2660970593519052,0.5074639983887922,0.2695306693608324,29,8,0
49,65183,0.8172515993497743,0.0,0.4042197457359325,0.1358684039390561,12,6,0
50,53368,0.5854810522043117,0.1731864322852191,0.8507663444128344,0.3575070837978447,10,2,0
51,22481,0.8805389475584899,0.2615454961133974,0.4117825798503103,0.3243911998327759,38,13,0
52,13648,0.8494826505016723,0.5,0.0596997646458058,0.7972097384801189,8,7,0
53,5459,0.6861007651768521,0.4166666666666666,0.8165546034707429,0.3225915087328131,11,1,0
54,15950,0.7943568262640863,0.4441073555198603,0.4973950717127278,0.5109343064845783,35,10,0
55,46309,0.6920533844489347,0.2864583333333332,0.4337045333139083,0.2650368125232256,11,4,0
56,21780,0.5168396445579226,0.4384705420737262,0.2981822461856522,0.7926836561687105,12,5,0
57,11235,0.8106694955447533,0.5,0.5136570660046688,0.2021898806205871,17,4,0
58,59116,0.867880033513505,0.4371491686554506,0.8094125718872134,0.790838965533259,31,5,0
59,68871,0.6790280615563657,0.2279338945283486,0.7983732736864294,0.7296863387216649,16,2,0
60,58984,0.6226198664654696,0.0682451253481893,0.396872011168848,0.4708217205499814,5,3,0
61,34344,0.703798541434411,0.5,0.702532846068022,0.1596359973058342,4,1,0
62,39241,0.5884786584279371,0.1339688041594454,0.4655528881756315,0.4559152615198811,12,2,0
63,2317,0.7691979273938998,0.4636048526863086,0.4377527903031911,0.1697594411928651,9,3,0
64,55312,0.6886309953551739,0.5,0.1919591174955299,0.1264919285591619,4,3,0
65,52193,0.8764910813823857,0.5,0.6076316701316702,0.0302931066518023,3,1,0
66,18869,0.6808778102935712,0.625,0.696632960467217,0.1469644184318097,4,1,0
67,64480,0.7220390998020287,0.4138338054768649,0.4792739907786307,0.3653184225195094,21,6,0
68,52760,0.8315639439970559,0.4554171977894076,0.5910287585345747,0.7187462258454107,24,5,0
69,16254,0.5341240294601818,0.0,0.6008151652326401,0.7505748327759197,6,3,0
70,55287,0.6340370680044594,0.3333333333333332,0.7904650049102739,0.2639899201040505,6,1,0
71,27885,0.890115342712759,0.5,0.05324982763241,0.0313745471014492,3,2,0
72,60556,0.7580499814195466,0.4666666666666667,0.5542385057471264,0.3265235971757711,12,5,0
73,40110,0.5392775859873776,0.0,0.0380931649978232,0.4564236111111111,17,16,0
74,7902,0.6262743912727902,0.1949740034662046,0.7198065652679349,0.2783569653474544,9,2,0
75,30006,0.6962018526722489,0.2218991534781009,0.8664356831667059,0.5467826783723523,25,9,0
76,38404,0.6124297995342614,0.5,0.237958129013918,0.250373350984764,10,9,0
77,36126,0.6927643650130063,0.3636363636363635,0.7935554678301905,0.3120819397993311,8,1,0
78,40726,0.7441569755272567,0.15684575389948,0.6061267617790802,0.2055613619472315,8,2,0
79,16741,0.4639902558756425,0.0,0.1318758815232721,0.6889283723522854,6,3,0
80,62105,0.8705844035886917,0.4296302835038732,0.3871706562190422,0.7254589952619844,30,6,1
81,52855,0.5963537190612911,0.2712305025996534,0.5221552843468098,0.3689105467298402,7,2,0
82,49197,0.7128045528488853,0.0505871725383921,0.0628466954526005,0.7548344017094017,15,7,0
83,30368,0.7306445112056219,0.4584323040380047,0.5440903348663568,0.6891966276477146,14,8,0
84,6713,0.7373354894734565,0.3405791490523492,0.6779718584194806,0.7327701133407656,33,9,0
85,8875,0.6947577928756653,0.3595716198125837,0.3541248253791363,0.8225305416202155,14,5,0
86,8592,0.7230036714441535,0.5288670568561873,0.6756898309913504,0.6817789622816797,20,4,0
87,66615,0.7808635359944827,0.3559812140971898,0.652240745875303,0.4661760265700483,17,3,0
88,61612,0.5311870509574045,0.7788309636650869,0.3035901028669344,0.1878861250464511,6,3,0
89,42549,0.9030691275278406,0.5,0.4768345949897838,0.0596928999442586,10,5,0
90,32731,0.7491872274051907,0.3249999999999999,0.8035182492287193,0.4520621400037161,19,1,0
91,24384,0.9035744147157192,0.5,0.3106324811746639,0.1046607905982906,4,2,0
92,52842,0.8219907645566742,0.3250586196350291,0.6478783785457558,0.3185531633221851,24,2,0
93,38393,0.7003574885667418,0.2347487001733101,0.8429237178808691,0.7423442725752508,14,2,0
94,35341,0.6849637681159421,0.0,0.1619496855345912,0.8932065217391305,9,1,0
95,3923,0.8865605258268302,0.5,0.0533921981055836,0.885172217577109,5,3,0
96,5915,0.9532748049052396,1.1102230246251563e-16,0.4981364570166866,0.1796822742474916,3,2,0
97,21230,0.7473220861857623,0.5,0.5939891232075615,0.3396141072092159,16,4,0
98,55479,0.7764828234031133,0.55,0.6648598946140964,0.196735646599777,9,1,0
99,66033,0.7549752814350381,0.5,0.1649486773462354,0.708507525083612,14,11,0
100,71317,0.5787813158057723,0.3333333333333332,0.6649291205742819,0.6958969133221851,6,1,0
101,30626,0.8112779122549015,0.457105719237435,0.6705283178109405,0.413897308156819,23,2,0
102,41981,0.9170425218439432,0.2692307692307691,0.0646696888935577,0.7795963396506875,11,5,0
103,41976,0.9278565118381064,0.2990631163708086,0.1116804185256997,0.7817519625603865,13,5,0
104,34509,0.7787112188047498,0.5703906145847221,0.8088329146671368,0.7093178070419919,12,2,0
105,41174,0.8110801482277996,0.4961205673758866,0.7814503119585074,0.5087293292456336,24,3,0
106,63555,0.8373847561367944,0.5589581136741181,0.6295483883520387,0.7105728586027499,21,5,0
107,67146,0.6598144903863634,0.4486919260261615,0.3897614099639654,0.4515831126904496,13,6,0
108,23167,0.7730684624246156,0.4443058568329717,0.7643542981952003,0.5494820698625047,26,4,0
109,34351,0.520572906798917,0.5,0.2458448407178314,0.129148957172055,4,3,0
110,62142,0.8313574045038234,0.1979081733841645,0.6766239689423055,0.5202015979189892,21,6,0
111,68088,0.8417409884801189,0.0,0.6329029929479705,0.0712095875139353,3,1,0
112,67717,0.7949148830017446,0.4419795221843003,0.4644153284618302,0.4535755759940543,34,9,1
113,71431,0.8373832041904541,0.434637286457044,0.6938550840951585,0.2962513935340022,21,2,0
114,56330,0.859448867657814,0.4751985940246045,0.5749551898577272,0.2331960121701969,23,8,0
115,39118,0.6738731675457974,0.5,0.5361861862759534,0.610759534095132,13,5,0
116,7726,0.6870977000053087,0.5,0.8988891391131745,0.2885538600891862,7,1,0
117,58500,0.7033913661456213,0.2310441941074523,0.5002600541144236,0.2324795034373838,10,2,0
118,39223,0.6929225813468787,0.4794738385425673,0.575466589743649,0.260018348197696,11,3,0
119,61678,0.8514268135826657,0.4602140004521138,0.7075259484450674,0.2638322765700483,21,2,0
120,34952,0.7308655627197864,0.4156017888391989,0.6797541491757356,0.8036292851170569,17,5,0
121,18587,0.825591384816163,0.0966782206816869,0.4518531793294388,0.285632954756596,27,4,0
122,13420,0.646201587596515,0.5454545454545454,0.7369804101174874,0.2959181066518023,9,1,0
123,15674,0.8041639630655425,0.6404109589041096,0.6049813251122012,0.8019988503344482,21,8,0
124,37078,0.832763788464181,0.2951473136915078,0.7675380222815245,0.3293603098290598,22,3,0
125,9910,0.660029073820753,0.2083333333333332,0.7412534104925494,0.4648045568561873,11,2,0
126,65875,0.7313632922986854,0.2943974206640588,0.6281605228247167,0.5645005922519509,30,6,0
127,56159,0.7236213706127428,0.641897746967071,0.7192714092179275,0.1512260196023783,9,2,0
128,39125,0.6814911725538044,0.301312205991582,0.8363553504379184,0.2804411696395392,8,2,0
129,62368,0.7357868687837444,0.5,0.2467858562334609,0.181191065124489,8,7,0
130,41728,0.6690732369583825,0.0954933008526187,0.0974576971379469,0.778746864548495,22,13,1
131,2858,0.7433049981419546,0.5,0.5174758010488136,0.1316436733556298,5,1,0
132,47708,0.7530160421480856,0.4293576741041245,0.590186873299156,0.3786258012820513,22,4,0
133,47423,0.8532003249853651,0.4809510542522398,0.5239838438248665,0.5919816634150874,26,7,1
134,52107,0.7053790514505753,0.75,0.1474859934828281,0.8307811338721665,17,14,1
135,47705,0.8054901113828945,0.5,0.0690702058438992,0.03946459262356,4,2,0
136,8209,0.8550801843548499,0.5,0.3045245217481942,0.1119568120587142,10,8,0
137,48515,0.7931113604394745,0.4730000584428695,0.6019235705706282,0.4505762843738387,23,8,0
138,11658,0.7690533242335575,0.391062144095073,0.8493208458679804,0.3968453874024526,16,2,0
139,62095,0.851955703205289,0.4237130423706949,0.5330614150158511,0.4561611622073578,38,6,0
140,44118,0.7777571535147971,0.5,0.5551160922788743,0.1575256642512077,7,3,0
141,59417,0.7708766720902505,0.4852203315881326,0.5461314848926855,0.6632551212374582,25,7,0
142,39015,0.7583457906757785,0.0989919373850722,0.3754356505989813,0.7243026523597176,23,9,0
143,50074,0.7647025565673369,0.4237435008665512,0.8021701594385604,0.3998153567447046,20,2,0
144,60834,0.8315043339598467,0.2117995378393992,0.4740933968532332,0.3556182645856559,17,5,0
145,56890,0.8262251785906327,0.1686507936507937,0.6069328098724402,0.6732255667038276,44,12,0
146,38679,0.7871946385928634,0.2886798365464162,0.3221596861180078,0.6269451412114456,32,12,0
147,10592,0.9025690656660308,0.4486189551711966,0.3506729150702088,0.0889365013006317,14,5,0
148,50978,0.8826425468892816,0.5,0.3492381520397268,0.1647778474544779,19,14,0
149,14143,0.5656051415366841,0.0,0.4003871824182308,0.3365123327759197,7,2,0
150,47319,0.6783790296358232,0.5,0.609660452231207,0.1167055694908955,4,1,0
151,57946,0.8298390364242363,0.4433853264009244,0.6694253599575615,0.1877734810479375,16,3,0
152,42468,0.8176070934100896,0.4773880941393631,0.5646825703851732,0.8242196209587515,42,14,0
153,64013,0.8166090119395111,0.4422389514731369,0.7446510382912648,0.1870833913972501,14,2,0
154,65887,0.7441555518452444,0.2024868247694334,0.6496833276070135,0.2545736947231513,11,5,0
155,50028,0.9294146060939792,0.4777777777777777,0.4559548121050591,0.2531023550724637,40,12,0
156,50395,0.6616976318224477,0.4389300847457626,0.5979855653091519,0.4368148457822371,15,3,0
157,13705,0.6108142593366779,0.3125,0.7991773091241519,0.4999680648457822,8,1,0
158,12954,0.7370706090407178,0.14,0.38050508309927,0.203854573114084,7,4,0
159,32366,0.7328135333335817,0.4084922010398614,0.523790542994433,0.7957413020252695,9,2,0
160,16347,0.6998040609480733,0.5,0.709466294103251,0.3774180718134522,10,2,0
161,30856,0.6451260422473059,0.2619047619047618,0.8332762405704857,0.8762289227982163,16,1,0
162,19117,0.6834882810426288,0.4166666666666666,0.4758658008658009,0.4795255016722408,7,1,0
163,37266,0.7070461136582755,0.4716926632004622,0.5742642896267756,0.8053958797844668,8,2,0
164,7198,0.7038304905001286,0.2003623188405796,0.5781637716933139,0.588793954384987,24,8,0
165,5148,0.7423342384814524,0.4569934205178096,0.4670012674131144,0.5517088210702341,23,8,0
166,5944,0.6966946700642352,0.2857142857142858,0.642633521477274,0.2731001486436269,7,1,0
167,25022,0.8100174191750278,0.5,0.5587110870350307,0.1376210632664437,5,1,0
168,33932,0.5753794700282995,0.1333333333333333,0.3175675675675675,0.8294314381270903,13,1,0
169,67565,0.5805934230523673,0.2684931506849315,0.1687568260613359,0.3094214511334077,8,3,0
170,35424,0.7897327898550724,0.6071428571428572,0.7848180465728319,0.2977598940914158,10,1,0
171,42992,0.8117522657830629,0.3846153846153846,0.6558200441653539,0.222245447788926,9,1,0
172,21413,0.574263469921719,0.4508032128514057,0.370559602416367,0.7057982627276106,18,4,0
173,16342,0.8853497700128767,0.2967479674796748,0.4031706651916604,0.1398916527313266,12,5,0
174,54869,0.7759736458319739,0.308319397993311,0.6577386868524391,0.3366781052582683,23,3,0
175,36917,0.6663772199835573,0.4583333333333333,0.4278635614998376,0.8282509986993682,10,2,0
176,12833,0.8891190269736182,0.5074457277799298,0.7019622013832048,0.3520069792827945,38,6,0
177,15574,0.891899795808224,0.0212305025996535,0.4839683787272266,0.0437261937941285,5,2,0
178,45134,0.7397583329294104,0.6630434782608696,0.7273369102907533,0.5141208542363433,23,1,0
179,19337,0.5884874183787228,0.6111111111111112,0.7599046390565256,0.2914698299888517,7,1,0
180,1371,0.8951720335570931,0.5159814493869953,0.7624334623163409,0.2735138540505388,50,4,0
181,2834,0.8056195808352766,0.3819254206965954,0.8208180190555204,0.5157193538647343,34,2,0
182,31445,0.6270303774311573,0.3,0.4941434178946851,0.2683325204384987,6,2,0
183,62601,0.8394423076923077,0.375,0.882178112357249,0.3522572347640282,25,1,0
184,22082,0.650819630248978,0.25,0.56666970470288,0.21680834262356,5,1,0
185,41292,0.6021973261111424,0.6666666666666666,0.4494881943596742,0.7159246098104795,4,2,0
186,29668,0.5971007234764028,0.3888888888888888,0.7869436435907059,0.4710202991452991,8,1,0
187,57841,0.899457102378298,0.3333333333333332,0.0594861042327994,0.8777621005202527,14,11,0
188,21956,0.6759246325976718,0.4270833333333335,0.667937753568481,0.4035883500557414,13,4,0
189,59455,0.5970535465440356,0.0714285714285714,0.5802889156005837,0.3832026895206243,8,1,0
190,60315,0.6179759077614128,0.1441363373772386,0.7878973718832508,0.5024732325343738,12,2,0
191,69818,0.6087410786499661,0.263157894736842,0.9241803162964172,0.8271922031772575,17,1,0
192,35591,0.8054899433296172,0.3125,0.8767244397759104,0.5572126997398736,16,1,0
193,56017,0.7569423154341632,0.4166666666666666,0.6954686002879488,0.300406447417317,12,1,0
194,48910,0.8115853431948454,0.384001025826197,0.6531814595264958,0.3836204594017094,34,10,1
195,37922,0.664548590415611,0.334448160535117,0.8216307418235472,0.3000635799888517,10,2,0
196,28292,0.7686252165612931,0.6202651515151515,0.5040747326812202,0.1261467623560015,9,4,0
197,28164,0.8572727765390808,0.3888888888888888,0.7762220563466544,0.1955772714604236,15,1,0
198,21103,0.7932048129271125,0.3066202090592334,0.6547223968514744,0.2106405030657748,14,4,0
199,21981,0.7594023868140716,0.5882352941176471,0.773050144942964,0.3247297124674842,12,1,0
200,48236,0.8708301134252221,0.5294117647058822,0.7851220601586021,0.2479201505016722,22,1,0
201,14554,0.7090760853464304,0.4681542461005199,0.6929875763486002,0.1303860089186176,9,2,0
202,49381,0.6919793086006853,0.5,0.7745760670882325,0.3190086747491639,9,1,0
203,18512,0.8448044464069764,0.5,0.0454558662266614,0.717404368729097,16,14,1
204,29161,0.6546001138052768,0.5,0.798175144203529,0.2090922287253809,4,1,0
205,3942,0.8538437864540416,0.345,0.5410067856693785,0.1967426142697882,16,6,0
206,46019,0.7848081568190264,0.0,0.0416666666666666,0.075989409141583,6,1,0
207,59580,0.8099537006277344,0.5715577934095311,0.7393409710548016,0.5069935084541063,34,4,0
208,44706,0.7880349049560817,0.6525129982668978,0.6261467338392269,0.6115114618171683,11,2,0
209,63092,0.6895979001486037,0.5,0.2371352568932058,0.0502252879970271,4,3,0
210,43948,0.8003882352999201,0.355349099099099,0.4938409087059815,0.8045461143626905,28,6,0
211,2526,0.8618191038027994,0.5,0.0515701610155683,0.9221815774804906,4,2,0
212,28132,0.7866539559474341,0.631578947368421,0.9084721041449524,0.248950204384987,11,1,0
213,8590,0.825575089758918,0.5840301003344481,0.6715006629757151,0.4030498072277964,27,7,0
214,37096,0.7857408476261248,0.5021361535380185,0.7616105498085736,0.7399787486064661,18,3,0
215,22069,0.8922846580774448,0.4370981269220017,0.2592040664409936,0.2865027522296544,35,11,0
216,24880,0.6300123415509173,0.1441363373772386,0.7304696195160518,0.4964464882943143,12,2,0
217,40456,0.7184396438365384,0.5,0.0528726771044154,0.0401236180787811,3,2,0
218,17077,0.786326124894134,0.5,0.7553789910596125,0.4385767953363062,41,7,0
219,53059,0.698412727739361,0.5,0.4001544248674067,0.1302756874767744,4,2,0
220,49015,0.7029740575159831,0.5,0.520905453188793,0.1004296729840208,16,8,0
221,38011,0.5769047300901247,0.0,0.2958292662167521,0.4378469319026384,9,8,0
222,44929,0.6494271413972501,0.4166666666666667,0.8545650402224914,0.5104082473987366,11,2,0
223,11231,0.7998307368858664,0.3981219449446874,0.5839328047661423,0.2767401755852843,15,2,0
224,34352,0.7668705672880423,0.3630267091939949,0.4542247197397026,0.5459964929394278,30,5,0
225,50078,0.8376481418151225,0.485051993067591,0.3739058697897519,0.2969214511334077,33,11,0
226,2175,0.7448924714509125,0.5,0.0682810063236832,0.4457926885916016,19,18,0
227,23785,0.6124421683389074,0.2727272727272727,0.8031859361143473,0.6035639632107024,10,1,0
228,6015,0.5217411257372431,0.3636645001547508,0.4175272574898461,0.7703691123188406,11,4,1
229,25425,0.6349609020746867,0.4391876560018153,0.5438910335730266,0.3296491778149387,8,3,0
230,34116,0.5372216071673536,0.3474870017331023,0.7387053656003761,0.7625876765143069,7,2,0
231,17155,0.7917736136757876,0.5,0.4445026451751338,0.2682079733370494,14,8,0
232,28549,0.7784762368629216,0.3909138600356731,0.4958708073270379,0.7076795336306206,18,5,0
233,47338,0.7152739068499938,0.5,0.795442788556924,0.3180242010405054,9,1,0
234,48322,0.6780096463520376,0.3,0.627622060028113,0.3085946209587514,9,1,0
235,20016,0.5938614330756973,0.15684575389948,0.8269217136720615,0.510834146228168,11,2,0
236,39524,0.8801917141600247,0.4262516914749661,0.7260032623196759,0.4885213442958008,51,12,0
237,48733,0.5346024815227715,0.0625,0.6338383838383839,0.5242869751021925,9,1,0
238,2525,0.837982513440416,0.4666419477403013,0.6323473161889946,0.2533845457079153,21,5,0
239,42074,0.7997363898179115,0.611111111111111,0.6251378536256695,0.178316030286139,8,1,0
240,43186,0.5832710953050955,0.0701001430615164,0.4894750125642431,0.519081835284281,19,15,0
241,15065,0.6547381835834499,0.3116015903761853,0.8201876519386839,0.3197336027499071,15,2,0
242,2322,0.7591596180895688,0.5,0.4607991609539337,0.1358408235785953,7,2,0
243,23823,0.6281116060531704,0.2541883304448296,0.4610934784929507,0.6891536603493126,10,2,0
244,58081,0.8692775383572046,0.5,0.3043274254819007,0.0336503623188405,4,2,0
245,54963,0.7526066689268969,0.4208460532054078,0.5714019573684322,0.3496823903753251,19,6,0
246,66663,0.6404504975397989,0.2477305303392258,0.7776529226736566,0.3943741871051653,10,2,0
247,26933,0.8170915438609788,0.3931306149048085,0.5813497654582984,0.5107061152917132,47,8,0
248,69718,0.797608418605927,0.488477366255144,0.5919340010763339,0.5375046451133407,14,3,0
249,39236,0.8248599281971744,0.56210283073368,0.720097296049118,0.1068797031772575,9,2,0
250,69671,0.453334610739502,0.1666666666666666,0.288701923076923,0.7352889260497957,4,1,0
251,31905,0.6832450701420165,0.5,0.5543997620921193,0.5324437941285768,7,2,0
252,23853,0.8939713652650052,0.4982961586121438,0.494513872701648,0.21201458565589,27,6,0
253,1332,0.8022221807419982,0.5767132081527844,0.3834223250522773,0.2908108045336306,19,10,0
254,15449,0.5671373722185262,0.5,0.4027127200854322,0.7159010939241918,16,10,0
255,25581,0.6179310084541063,0.625,0.6536048368697239,0.7110902081010777,4,1,0
256,3381,0.4676835716624248,0.0,0.0689522967989546,0.672366220735786,6,3,0
257,63430,0.625376254180602,0.3333333333333332,0.8045879696823093,0.2418989223337049,4,1,0
258,64284,0.8911827846673446,0.3866542510077557,0.6468204576092703,0.2435078734671126,32,5,0
259,27777,0.7264078203996541,0.3169844020797228,0.4181505395789398,0.799391199832776,10,2,0
260,10636,0.7529149707887177,0.4314303264319084,0.8071271444374444,0.7047792409884801,18,4,0
261,11499,0.8178026712858375,0.6194560422246731,0.6973643060944882,0.8288920243403939,24,5,0
262,71843,0.7904017930459514,0.1364818024263432,0.163468745401986,0.3118470712560386,18,8,0
263,36973,0.654896704191454,0.2846875318584974,0.6232929076925487,0.4889042758268302,15,2,0
264,71833,0.84771805890217,0.5320054017555705,0.6838625958541389,0.2154043571163136,12,4,0
265,8359,0.7731094204004985,0.1160023400827126,0.58277453379525,0.3120947138610182,18,7,1
266,41206,0.7697754782051605,0.0,0.0318457538994801,0.0417595689334819,3,2,0
267,27594,0.6611374892380282,0.5,0.1098959303574469,0.3084921381456708,12,8,0
268,66893,0.6462286958210872,0.4615384615384614,0.8568755739210285,0.4476594435154218,11,1,0
269,65483,0.720302629134151,0.5198863636363636,0.3446917691332047,0.176550887216648,18,9,0
270,19089,0.6748353738745332,0.6649441340782123,0.511618095192628,0.7594086770717206,11,5,0
271,24777,0.8551366523600283,0.4378662166596353,0.6216081181013007,0.3140294035674471,26,4,0
272,52035,0.5762842686077561,0.0,0.37360732854667,0.6794035674470458,15,2,0
273,64027,0.8375483687691969,0.3231444829292429,0.4439220328222681,0.6632525083612041,31,7,0
274,66171,0.7143702387588258,0.1666666666666666,0.6872469570582111,0.0655036464139725,4,1,0
275,23266,0.7849026747118097,0.4420493934142114,0.7750008746442167,0.3141191123188406,14,2,0
276,14862,0.7023992903143166,0.2142857142857142,0.8046909418311514,0.1840205197881828,8,2,0
277,27772,0.829873431472077,0.4633968804159445,0.7616135139569696,0.2785387054069119,17,2,0
278,3291,0.6326207062437128,0.4140296901138238,0.2893920777324641,0.5649439102564102,9,5,0
279,50225,0.7407943520842417,0.4259387637203928,0.6838337590342125,0.2614147853957637,16,2,0
280,25010,0.8265903019157295,0.5289516953295117,0.1781055600613914,0.3693887030843553,35,10,0
281,14247,0.8166719699048178,0.7357211631041787,0.5403813704950463,0.2057634243775548,16,2,0
282,42705,0.8864958843688597,0.5,0.411980971889538,0.0795324693422519,8,3,0
283,50025,0.904218537098972,0.3478260869565217,0.7492459306869323,0.1090405518394648,21,1,0
284,42545,0.9065496098104794,1.1102230246251563e-16,0.4698961420618649,0.2083612040133779,5,2,0
285,46583,0.7436729927303976,0.5576923076923077,0.8004886348027432,0.3849051235600149,16,1,0
286,51519,0.6191149731910601,0.2941176470588235,0.9164153404307512,0.6976005086399109,14,1,0
287,7829,0.7003348859783955,0.4060765943122935,0.580503917224792,0.7975357673727239,16,4,0
288,26442,0.4407474184798154,0.0437304774654172,0.1904658564814815,0.8899549424005946,7,3,0
289,69477,0.8205573351466364,0.236323155216285,0.4290092943939667,0.2167134081196581,10,4,0
290,36918,0.7620638954816827,0.0,0.1944882777276826,0.3434364548494983,24,12,0
291,26265,0.605265929705172,0.4681484876260311,0.5086864146263319,0.8016995308435526,11,4,0
292,26076,0.8400927506211548,0.3113073060408486,0.6603557567877867,0.6997445187662579,31,7,0
293,38147,0.8816583045169869,0.3218289227736983,0.6849957883261679,0.2844397412671869,50,13,0
294,55413,0.7032306575441042,0.3923425765453495,0.627898831347653,0.3407957079152731,19,2,0
295,4194,0.8096797351335442,0.3734466610125743,0.7200253899735285,0.3885376021924935,32,2,0
296,17346,0.7492502980614394,0.2999999999999999,0.6223188646469626,0.4142956266257896,12,1,0
297,70734,0.504326029785896,0.1538461538461537,0.9031593406593408,0.9346060943887032,13,1,0
298,11433,0.7372977823322755,0.2744899308156701,0.3347581537738433,0.4805631038647343,22,4,0
299,2716,0.6776048634336678,0.5555555555555556,0.8050035315840406,0.3225839604236343,10,1,0
300,12280,0.7751349431273782,0.5198517072602261,0.7730350585730787,0.2755469620958751,17,3,0
301,33395,0.706495416725665,0.2939533988060852,0.7927528770222547,0.2793516002415459,9,2,0
302,27788,0.6145827914034436,0.2777777777777777,0.9203689580515434,0.7560357441471572,15,1,0
303,19094,0.6394435392256292,0.5,0.1952282003568823,0.6839020693979934,11,6,0
304,14307,0.6162479936250047,0.5,0.5253431191982816,0.127392523690078,4,2,0
305,24331,0.7520034367514538,0.2364420240526434,0.1696923700950234,0.6151401662950576,19,9,0
306,20178,0.8451523235524498,0.4277570008209432,0.8300917843816371,0.158290656354515,16,2,0
307,60374,0.7841256852756058,0.3685913389746142,0.5088889009141297,0.5270432692307693,16,6,0
308,52844,0.5927070731039146,0.2861596930115859,0.4156138939294268,0.8031714511334077,8,4,0
309,12804,0.8468472237844159,0.58729028782515,0.6538886957036523,0.1847506735414344,7,2,0
310,2170,0.7661278315065239,0.5610051993067591,0.7718498529036009,0.3888621794871795,15,2,0
311,54744,0.4862950575994054,0.125,0.6122641509433961,0.4263099219620959,5,1,0
312,39504,0.8557111480346364,0.4871447389790136,0.3008714046136899,0.380177269137867,20,10,0
313,124,0.7867153424349327,0.2271234476299368,0.5080900043494951,0.369180834262356,24,5,0
314,758,0.5353313127090302,0.0714285714285716,0.6207386363636365,0.4630272203641769,8,1,0
315,12581,0.8549606273310096,0.3333333333333332,0.5174843944063559,0.0626770949461166,6,2,0
316,66599,0.6883903523008527,0.2536328489534729,0.4950087796280963,0.383777522296544,11,2,0
317,49080,0.904133161636181,0.3255813953488372,0.7489904584502985,0.1853252159977703,27,1,0
318,16499,0.6807652312692086,0.4628859857482185,0.5322084102184858,0.6290416237334707,30,7,1
319,56992,0.8093140843515925,0.4119496855345912,0.2984159232445698,0.2156290644741731,19,14,0
320,10352,0.8054235487334915,0.5245800559925343,0.6726957278506995,0.8332285279635824,14,2,0
321,4368,0.594375232255667,0.375,0.7457052427479756,0.2805619425863991,5,1,0
322,60375,0.4947871946381384,0.0424610051993068,0.4525370594365843,0.3621127136752137,6,2,0
323,16539,0.5989406518476013,0.2385491458281753,0.8103841631757394,0.3634699577294686,11,2,0
324,36536,0.6867293382784893,0.5169844020797227,0.4391543530116581,0.4451812755481233,8,2,1
325,20234,0.6233925585284281,0.375,0.6593630881877893,0.2327930485878855,5,1,0
326,13696,0.8470922558218754,0.5,0.7832076402747294,0.1447716346153846,12,1,0
327,24745,0.7771469488596324,0.5367892976588629,0.6204069317160348,0.2821978934410999,14,2,0
328,14987,0.6673711548968363,0.3398148148148148,0.5690792850463402,0.3959175260126347,12,4,0
329,7334,0.7462454151010914,0.5,0.4590300143138307,0.6702561780007432,10,4,0
330,10208,0.6541243445228953,0.5,0.8208396752917301,0.2976402824228911,9,1,0
331,11712,0.6413411463504634,0.3314164172049788,0.4690192061952252,0.7717611947231513,13,2,0
332,35597,0.9294147039117276,0.2500000000000001,0.5478726398727727,0.0454390793385358,9,2,0
333,60615,0.8646931114652086,0.3214904679376084,0.7503200372134788,0.271765839836492,24,2,0
334,27618,0.5874606175173283,0.2056856187290969,0.7934594891264937,0.3199800840765515,6,2,0
335,29704,0.7870194419548813,0.4268394648829431,0.5537510014494462,0.3959224614455592,24,7,0
336,27047,0.7245686513134804,0.3856152512998267,0.6628776526823041,0.2629920916945373,12,2,0
337,68034,0.6254693530127278,0.2712305025996534,0.7936554136386147,0.15939793524712,6,2,0
338,40907,0.6841096479004087,0.0555555555555555,0.8941847826086956,0.7098226727982163,20,1,0
339,16566,0.7458417138584421,0.5,0.6066173536524055,0.2030425492382014,6,2,0
340,70899,0.6507243156629036,0.5,0.516438986276615,0.2756047356930509,5,2,0
341,42456,0.7211706695951007,0.4542461005199307,0.8609998246666195,0.5638949856001486,23,2,0
342,26150,0.6781582360092759,0.4994913059563448,0.5348978261142366,0.35589377787068,10,3,0
343,39936,0.5231805445264304,0.4084922010398614,0.4274288607094436,0.6966775826830175,8,2,0
344,46105,0.8397475111888643,0.5,0.5183763714435815,0.178988120122631,20,10,0
345,54812,0.8920879571129647,0.4260355029585798,0.4870064903171437,0.0848897366220735,11,3,0
346,62350,0.6855195365725257,0.4166666666666666,0.8016464705586597,0.3414887007617986,12,1,0
347,66995,0.6924240646067373,0.4657712305025997,0.572421098032508,0.3127903195837978,10,3,0
348,36664,0.7641139379042226,0.3970537261698441,0.8147677552574942,0.4850752508361204,34,2,0
349,44150,0.7115507777806503,0.0819864136800188,0.0825039626961479,0.7880783166109253,12,7,0
350,3817,0.5208442398328946,0.0424610051993068,0.2953639770875638,0.7134455708844296,9,2,0
351,16886,0.7819580910031261,0.5879633182060671,0.6207933495854563,0.6614397528799703,14,4,0
352,17105,0.6763582996907346,0.4015470425891414,0.6188994826585399,0.7251248374210331,16,5,0
353,39334,0.7323337608679148,0.3963659012131717,0.6082736471510628,0.5520075599219622,19,3,0
354,18975,0.7349722518462529,0.6083788706739527,0.6087514094201739,0.2259177002043849,11,4,0
355,44778,0.7347484706023021,0.0682228555267909,0.340467911652214,0.8418356326644371,12,4,0
356,28021,0.8529522568081439,0.4814665125994716,0.5888893798812235,0.8350195094760312,30,8,0
357,30302,0.908997236945836,0.188258232235702,0.4216154722859795,0.1474173169825343,25,8,0
358,228,0.8930006100453276,0.5,0.4853445048012629,0.1286507687662579,22,9,0
359,5510,0.7350860190534103,0.2941176470588236,0.7264384349827387,0.6033769973987365,22,1,0
360,2629,0.7938888559406909,0.6038043478260869,0.5244283792728274,0.3358460493311037,28,7,0
361,50609,0.593429938479766,0.3840582899533056,0.4690703318502456,0.6788168315681903,9,3,0
362,31253,0.8399742050337715,0.3712308544011811,0.2290183712364124,0.3949101170568562,25,16,1
363,39906,0.8708700452197221,0.6037170263788969,0.5268661453428956,0.1185787114455592,6,3,0
364,45813,0.7394270252694166,0.381578947368421,0.7887424672102091,0.6688510312151617,25,1,0
365,19293,0.2957361741820374,0.1096264992853147,0.2327863362357669,0.7695199275362319,7,3,0
366,31216,0.9061728410165684,0.4448160535117056,0.6609514502495526,0.0507678952991453,8,2,0
367,62242,0.6350064239533206,0.5696046128500823,0.2044212240405021,0.560643115942029,15,8,1
368,22143,0.7570977331846898,0.5714285714285714,0.6284888620228597,0.1880423169825343,6,1,0
369,34884,0.7575734971988803,0.0321339570672845,0.4652548789351154,0.3822083449461167,27,10,0
370,54392,0.8942229212433511,0.5095794392523364,0.5344276774435215,0.2635962467484207,30,10,0
371,26962,0.7534511227810528,0.9405545927209704,0.4746859762272519,0.0842815170940171,7,2,0
372,65201,0.6005424156006252,0.25,0.7753644999701834,0.4235971757710888,10,2,0
373,6320,0.8213592998389265,0.464804692707639,0.728838025148947,0.2301853980862133,11,2,0
374,70502,0.4221710967925693,0.0424610051993068,0.3205843913570696,0.5017753042549238,4,2,0
375,10863,0.7915786142205783,0.5050116009280742,0.627552747600945,0.4783523202341137,28,9,0
376,29190,0.8445092021261125,0.4618055555555556,0.714750146036949,0.3088248443887031,20,4,0
377,34978,0.4811465693463093,0.3643847487001733,0.6285824151144255,0.7743694258639912,10,2,0
378,13349,0.5166990295013805,0.0424610051993068,0.4503385424316306,0.3181670382757339,6,2,0
379,24765,0.6858765328874025,0.4545454545454545,0.8274733333199439,0.3940263842437755,8,1,0
380,58910,0.7866832037719467,0.2990740740740741,0.4306647331920542,0.404578339836492,32,10,0
381,8120,0.8284418243594063,0.3692478461200362,0.6637211792393769,0.2610402731326644,12,3,0
382,10214,0.548333316024852,0.0363951473136916,0.4100428584830664,0.2387358904682274,6,2,0
383,17075,0.5649070977331847,0.5,0.6845191040843214,0.7159164808621331,5,1,0
384,34981,0.5476187793045266,0.5,0.2041707126609784,0.6816828664994427,15,6,0
385,71708,0.8412015030095747,0.5,0.348941576256391,0.4183929069119286,40,13,0
386,26200,0.3961129050546884,0.0647024841132295,0.1900348331045941,0.852270589464883,8,3,0
387,51565,0.7000535140838973,0.5,0.4066876499924201,0.7451426178131454,11,6,1
388,40562,0.5977953130806392,0.5,0.7756797012283174,0.3274308458751394,6,1,0
389,58184,0.624034063976655,0.2504332755632583,0.7711771496392463,0.6666945373467112,15,2,0
390,6401,0.7531194410215742,0.5413127413127413,0.6146500040911734,0.5409492869751023,23,5,0
391,27138,0.6870713369762282,0.5,0.3358174392087611,0.4894727215719063,14,12,0
392,46714,0.8180590393905611,0.5,0.0509492035048921,0.9124018719806763,3,2,0
393,10596,0.5021975416361555,0.0424610051993068,0.4618527871608596,0.8304942981233743,15,2,0
394,63777,0.3600906018179235,0.5,0.0460462613009049,0.9055352331846898,9,6,0
395,5484,0.9050198928459742,0.4039727669001342,0.7299996707858974,0.5912703804347826,74,3,0
396,6918,0.7952667623197918,0.3555410122164049,0.4930833196905478,0.3038769277220364,20,7,0
397,67005,0.8585808567170845,0.5294015019343092,0.4056147559192464,0.1885033444816053,22,7,0
398,59360,0.6782130643088489,0.4011099899091827,0.2764432467926727,0.361878135451505,14,8,0
399,54742,0.7446264333492594,0.4375,0.7520765990617313,0.1507228957636566,7,1,0
400,49568,0.6584175260126347,0.3333333333333332,0.4988735630024252,0.1877136752136752,4,1,0
401,54790,0.9030540135912636,0.5065324623383549,0.3771847444199538,0.1623661626718692,29,12,0
402,56155,0.8472716714100849,0.4869604316546763,0.5151763276344906,0.3852157655146785,42,15,0
403,8200,0.8733567070051002,0.5,0.5813964159181839,0.1764005016722408,17,8,0
404,21599,0.8562109532738631,0.263652428042274,0.889200870273062,0.3672028869379413,32,2,0
405,6311,0.7905730213657272,0.3474870017331022,0.6455515174737136,0.0997874860646599,9,2,0
406,30577,0.8191859222715554,0.3427209705372618,0.7553955261358567,0.3061420011148272,27,2,0
407,7002,0.6642251434823898,0.4545454545454546,0.8456087457307409,0.4297388865663322,9,1,0
408,33138,0.8100174191750278,0.5,0.5587110870350307,0.1376210632664437,5,1,0
409,50502,0.8373691218602244,0.5384615384615384,0.2765100945403296,0.2049484973058342,19,16,0
410,5111,0.8442145046253628,0.3149913344887349,0.5470708098401309,0.4709311710330732,49,13,0
411,67501,0.6870977000053087,0.5,0.8988891391131745,0.2885538600891862,7,1,0
412,65901,0.8835963528417753,0.5,0.6232414860417514,0.1823247630992196,27,10,0
413,26425,0.635347735640079,0.5,0.0396425297642226,0.0504932529728725,3,2,0
414,545,0.7932256954983096,0.4341286307053942,0.4881607289906133,0.2322701830174656,18,10,0
415,40728,0.7128133198821605,0.3182432432432432,0.6710504352396245,0.4110722082868822,23,3,0
416,40361,0.7739187207311253,0.5,0.7706422706262419,0.6494361993682646,15,2,0
417,51320,0.4656462172192342,0.0500510725229825,0.3562458326495612,0.8520304951690821,8,5,0
418,70330,0.7958723422187319,0.385058167716917,0.6115511698171143,0.368801676885916,25,8,0
419,46329,0.8942671474176096,0.6666404199475066,0.5798334554183961,0.7685438730955035,17,5,0
420,22447,0.5778042341990217,0.2275668073136428,0.3649541041278354,0.8134188614827202,8,3,0
421,32067,0.8301612568962067,0.4642857142857143,0.7492895757925393,0.1820942493496841,13,1,0
422,18962,0.6946582625537208,0.5,0.5910533598314032,0.139162950575994,5,2,0
423,49897,0.8074304033207487,0.1544117647058823,0.3028840270362215,0.5282234183389075,15,6,0
424,64461,0.6005707689166071,0.5379296260438098,0.6508740672498609,0.8427454942400595,14,4,0
425,13189,0.6111115570489468,0.4818585708996667,0.6592307307712596,0.6563600311222594,11,4,0
426,23806,0.6955574769433466,0.4166666666666666,0.8112741713858818,0.4688231605351171,11,1,0
427,66876,0.8096704839515763,0.5,0.6033194871795824,0.0691259638610182,6,2,0
428,29751,0.5094526637591639,0.5,0.4914104087761015,0.1599930903939056,4,2,0
429,33423,0.8402160703586274,0.429609385415278,0.7734617401890275,0.217342530657748,19,2,0
430,5430,0.8508931852921833,0.2062904717853839,0.5059773957435295,0.1562073230211817,19,10,0
431,70706,0.8754119634894091,0.3333333333333332,0.0624337074700456,0.8511342786138982,5,2,0
432,23301,0.703525187784946,0.375,0.5849880805536998,0.1672467251950947,6,2,0
433,52366,0.8808384976064004,0.4852941176470587,0.8145095105369913,0.1689282562244518,17,1,0
434,22562,0.6944342552951185,0.4311454849498327,0.8608216270664699,0.976464952619844,12,2,0
435,1028,0.7429280613489708,0.5670438472418671,0.6490392820338933,0.436341044221479,25,5,1
436,31273,0.7357521299616109,0.5502416520210895,0.7122480732200257,0.7994402638424378,11,3,0
437,36868,0.8375772804652423,0.4090036422678602,0.2723949011039468,0.2714668106651802,23,12,0
438,31095,0.8175409438315513,0.3931800631419639,0.8077766765207604,0.8146437198067633,31,7,0
439,6423,0.7305570201528588,0.9477611940298508,0.3137657508609236,0.6788807018766259,18,9,0
440,48765,0.7056274671686895,0.375,0.252724771789421,0.2569322510219249,7,3,0
441,32361,0.7621740732475606,0.4237435008665512,0.5189687385579616,0.7964633268301747,10,2,0
442,10966,0.7960739942266033,0.4516810420700581,0.7574947016931994,0.3401909722222222,15,2,0
443,50956,0.8312023222792129,0.5,0.0314876188262096,0.9591296799516909,9,6,0
444,62988,0.6890400502057894,0.5167770419426049,0.6659935287751446,0.1658636426978818,8,5,0
445,60409,0.7258533806982409,0.404679376083189,0.8254693604164269,0.6336399108138239,21,2,0
446,41743,0.7094792418082061,0.4545454545454546,0.8770923421183713,0.6791843761612784,17,1,0
447,4066,0.8127568336411595,0.4641252090301002,0.7519690677569306,0.4386473429951691,19,2,0
448,69465,0.8686105673462976,0.5068289402209059,0.8342921962655396,0.3498440983835005,39,2,0
449,25052,0.6870977000053087,0.5,0.8988891391131745,0.2885538600891862,7,1,0
450,21753,0.6484525966183574,0.2142857142857143,0.5440595061989293,0.3376878367707172,8,1,0
451,69720,0.8382953593503686,0.310657596371882,0.3633980522397095,0.8398242985878855,18,4,0
452,28406,0.8478991440971204,0.2986111111111111,0.5097094023205077,0.1945626045150501,10,4,0
453,54046,0.8445756612904012,0.23064381270903,0.642503498855401,0.7298097245447789,14,3,0
454,63502,0.7980998257386556,0.5,0.2171869289718415,0.681442481884058,25,14,0
455,68063,0.5602145297696217,0.107823718742263,0.5955575752912321,0.5201571790226681,10,2,0
456,68041,0.8263864410490785,0.4666666666666667,0.2744636309770253,0.2922984020810107,32,17,0
457,27152,0.8324176405942749,0.6404281919049852,0.571874310355456,0.4019770763656633,40,8,0
458,11751,0.873961817168339,0.5,0.0536846471093945,0.8903300353028614,11,10,0
459,39606,0.5218397745571659,0.3,0.5990538090503854,0.6088451667595689,7,2,0
460,21496,0.5661265478391497,0.1910609133096751,0.3446292574202462,0.4595837397807507,9,4,0
461,59073,0.7507687614585862,0.4428076256499134,0.7902685805887294,0.3984447579895949,15,2,0
462,45692,0.7655144908311302,0.4894040934613295,0.3010454911415899,0.4181191355444072,28,14,0
463,65583,0.8404473244147157,0.35,0.7302916259151327,0.1386705685618729,9,1,0
464,37363,0.7320353411413101,0.2712305025996534,0.6190636658940301,0.1221156749349684,6,2,0
465,33051,0.8750439612472616,0.2945943480593812,0.5058071011601626,0.7055067818654776,34,5,0
466,20518,0.665866328154032,0.2857142857142857,0.7921200922383075,0.508356849219621,16,1,0
467,13565,0.8147510731640286,0.4778692951660814,0.7604105684099881,0.6075889539204756,25,5,0
468,21070,0.8886465757187365,0.3521214967903554,0.5362259644190148,0.5179858788554441,68,13,0
469,41024,0.7043417939516909,0.0,0.080567121812906,0.6411371237458194,12,11,0
470,14310,0.4743152563555133,0.0,0.4177800803030185,0.5835266861761427,7,2,0
471,3458,0.8605260409287305,0.5,0.5654493068358685,0.2125156772575251,20,10,0
472,59172,0.7946681917182916,0.3692745729140876,0.7661179729709131,0.2447161835748792,13,2,0
473,22726,0.7099509666520829,0.4045840506550728,0.241501973156997,0.4507458310107767,27,19,0
474,39430,0.8714392452889561,0.2593245967741935,0.1150934733538397,0.8244617474916388,20,8,0
475,20164,0.8624164263667278,0.5655381944444444,0.5596575083608012,0.4049827550167224,27,3,0
476,29792,0.7416967257739691,0.5,0.4268685090003679,0.4758166689892233,17,8,0
477,49076,0.8005977675198863,0.2966493356441364,0.7826150562344005,0.1757792177629134,10,2,0
478,70342,0.6426063602147734,0.25,0.7370993871003754,0.2449054719435154,6,2,0
479,39417,0.8167646036889123,0.3186341458819983,0.6030707136949429,0.5212987156261613,32,4,0
480,66584,0.725687307714849,0.2083333333333332,0.6947191786857798,0.6286594783537719,11,2,0
481,64452,0.714241378957408,0.044525215810995,0.3816814193658246,0.492454594017094,20,10,0
482,44304,0.6801849934501487,0.6830155979202773,0.816104027380123,0.221089395206243,7,2,0
483,69485,0.8197450768234722,0.4031294792164357,0.6090942574939289,0.4951952108881456,10,2,0
484,43092,0.7644050069012784,0.8798843674476845,0.5333603416979655,0.1575552768487551,8,3,0
485,3933,0.888303818951354,0.375,0.4951061861604435,0.0551845271274619,5,2,0
486,6303,0.7780363557537471,0.375,0.6647288934703817,0.2042427303976217,9,1,0
487,48030,0.9050849512479312,0.3798898242139144,0.7044104996031777,0.0694165737643998,11,2,0
488,2259,0.6464767280946182,0.0222423967317294,0.0990474865652408,0.7571903451319213,14,6,0
489,30542,0.8572122229943364,0.0,0.2199733014597023,0.2495801978818283,17,9,0
490,3545,0.7608844186111283,0.5,0.4010173881253491,0.5020313661278335,31,14,0
491,63713,0.842711526848755,0.4751773049645389,0.6297568460176569,0.1912308969713861,19,6,0
492,59376,0.6686887954474572,0.3582589285714286,0.6166643467433532,0.3391678860089186,13,3,0
493,60161,0.8977664746686486,0.0,0.5512866847655985,0.0305468459680416,3,1,0
494,24195,0.8792907236920984,0.5,0.5934892291217103,0.0778274224266072,11,4,0
495,52931,0.6229022668153102,0.125,0.8164778677113748,0.255170011148272,5,1,0
496,32053,0.9092925451552916,0.5,0.3320767519789753,0.1211648096149675,29,18,1
497,48352,0.6167197464402481,0.3453389830508475,0.4934361840662871,0.8562447742474917,15,3,0
498,58835,0.7923356339355859,0.5,0.294094608956106,0.1247491638795986,11,10,0
499,54183,0.8351804432986498,0.0666666666666666,0.6766191494548356,0.2577692423820141,12,1,0
500,54650,0.7278877466857798,0.5684368579105421,0.5036509544026062,0.4427132687662579,19,9,0
501,53268,0.7420237069693592,0.375,0.5348972383328837,0.3836538461538462,11,1,0
502,39058,0.8522540360158098,0.4714038128249567,0.8071658910647903,0.1758433783909327,14,2,0
503,64456,0.8228723717976913,0.4681048190109311,0.5077062430269461,0.5703438545150502,25,5,0
504,53266,0.7720879251465814,0.0347989394608926,0.1757763508316734,0.854878530286139,23,7,0
505,41845,0.5219470241463973,0.5,0.2234048645957698,0.3360687244518766,6,5,0
506,65160,0.7936758648565054,0.5381365024345961,0.4887317261577464,0.589118531679673,40,2,0
507,6278,0.6608341462281679,0.4642857142857143,0.722302316362759,0.7341363573021182,10,1,0
508,24196,0.9044918246005202,0.3333333333333332,0.6814013532763533,0.0321151523597175,4,1,0
509,72186,0.5159464854162763,0.1591204506065858,0.7257125437297676,0.4185279055183946,7,2,0
510,17832,0.6636682460052026,0.25,0.6466622609188603,0.2367335562987736,7,1,0
511,686,0.7811733772054485,0.2971574415571667,0.5498429009610685,0.3196772807506503,15,4,0
512,44114,0.7776468113877534,0.25,0.829443165835571,0.6096307715533259,18,1,0
513,46227,0.715805602006689,0.564516129032258,0.8766904349939043,0.3165998931623932,25,1,0
514,15393,0.384203664149128,0.0424610051993068,0.3264460571923744,0.9239583333333332,5,2,0
515,8931,0.6642694460384349,0.4428076256499134,0.7237545722835672,0.3951284373838721,11,2,0
516,33840,0.5304427047540509,0.5,0.2516155824311135,0.4990001393534002,15,14,0
517,64624,0.7611139667512974,0.4407925407925408,0.5438985146393234,0.3026648434596804,17,9,0
518,3722,0.8334033367898994,0.344804318488529,0.634365832083255,0.1506828316610925,12,3,0
519,10304,0.6119819805334019,0.4285714285714286,0.815830592239043,0.628792735042735,13,1,0
520,40095,0.5788143364298609,0.0915077989601387,0.7890177572971063,0.3657820628948346,8,2,0
521,12176,0.7758493299424005,0.5,0.7767758478810322,0.2149709099777034,8,1,0
522,35205,0.8424975289326972,0.6042713567839195,0.2776691650656262,0.1604953432738758,18,16,0
523,4508,0.7405239124316436,0.4338754832688976,0.7302646630983314,0.7254514469528057,16,2,0
524,20285,0.7503779960981047,0.5909090909090908,0.8575578736279201,0.2295655657748049,8,1,0
525,47058,0.7978045017166877,0.4315350281389482,0.6790244969086653,0.1449420522110739,8,2,0
526,36925,0.5808816425120773,0.1818181818181817,0.8826707048070079,0.3381108324043106,10,1,0
527,61045,0.7309089071940167,0.2712305025996534,0.3845906905427745,0.2002717391304347,6,2,0
528,57165,0.7778398481047937,0.3999999999999999,0.8477043247333829,0.5209671706614641,20,1,0
529,27733,0.7039113513298296,0.5,0.6241194752374433,0.5716012286324786,7,1,0
530,13063,0.7827097697939666,0.2738326848249026,0.4176272444797014,0.7014928232998885,17,6,0
531,65731,0.6649227169267931,0.625,0.6755102363199798,0.7886035047380157,4,1,0
532,34218,0.5429401125784905,0.0565819861431871,0.3758467007300645,0.6017038856373096,8,5,0
533,27664,0.82257292827945,0.5,0.0572025846101837,0.8368671033073207,4,3,0
534,51538,0.8313003343109631,0.1769578313253013,0.2255522636825726,0.2733965649386845,22,14,0
535,51137,0.5853162990391252,0.1666666666666666,0.7221453502867116,0.5072428929765886,7,1,0
536,17544,0.6151943592840332,0.4,0.7877693015882393,0.301322696023783,6,1,0
537,66160,0.5822381680992091,0.5,0.077163906056942,0.2456170452434039,10,9,0
538,56337,0.7983956173752745,0.6003018898035721,0.5299179528372873,0.3346807065217391,25,8,0
539,71193,0.5837117073500506,0.2577267475447719,0.7321234317473342,0.3264693074136009,9,2,0
540,35342,0.7505648423816406,0.4375,0.5123475168060985,0.3275844249349684,18,10,0
541,3024,0.6549110460795243,0.25,0.5656045046096394,0.2599216717762913,5,1,0
542,50845,0.6930491130771936,0.5,0.6487050986249703,0.3072269253994797,15,2,0
543,10693,0.9081041863190692,0.2692307692307691,0.0622750391662345,0.5861204013377926,22,17,0
544,63755,0.8548327446291208,0.4591439688715952,0.4917273168423465,0.2693721548680788,24,10,0
545,21260,0.7780515604504654,0.5881923922006485,0.6623070673139893,0.4166408282237087,22,7,0
546,72164,0.5427191700023732,0.0478999528079283,0.5894971613368917,0.2289907329988851,6,3,0
547,18817,0.6262890132496559,0.3474870017331022,0.8244594367947502,0.5263447603121516,11,2,0
548,11088,0.7435809836868772,0.4575389948006932,0.2462007055184514,0.0633181205871423,4,2,0
549,58140,0.860897435897436,0.3333333333333333,0.0729399879266692,0.8598188986436269,10,7,0
550,15452,0.5536323494618709,0.5,0.4148913398418599,0.7431330708844296,13,7,0
551,41463,0.5845608874820831,0.1785714285714286,0.9233558513808862,0.716097640282423,14,1,0
552,38987,0.6812174741341486,0.419909780719395,0.373245744660091,0.6117582334633965,18,6,0
553,54638,0.5859737371168546,0.3028307336799538,0.6099714442479933,0.5608835005574137,9,2,0
554,45521,0.665866328154032,0.2857142857142857,0.7921200922383075,0.508356849219621,16,1,0
555,2780,0.6210062164460942,0.5,0.126593608955482,0.1569014771460423,8,6,0
556,49808,0.8508082497212932,0.3999999999999999,0.6517316385804639,0.1755591555183946,9,1,0
557,34810,0.9096025151137204,0.5,0.6723567010531982,0.2000435479375696,26,9,0
558,40619,0.770011069780068,0.4933712121212121,0.4105466256420357,0.1545853075065031,11,3,0
559,58405,0.6533263366313637,0.4375,0.6288286322754596,0.3222408026755853,8,1,0
560,14804,0.7259782608695653,0.3571428571428572,0.4650872768301586,0.1446436036789297,5,1,0
561,68494,0.7500380233082977,0.3254568699948281,0.4099023101068326,0.4755434782608695,18,4,0
562,45524,0.7385606618622922,0.4736842105263158,0.6248120855992954,0.6314244820698626,14,1,0
563,11393,0.785802193295859,0.5298341173557811,0.5879498736214055,0.5727578618543293,33,2,0
564,54874,0.5579530579497614,0.15684575389948,0.3750317095286766,0.6178174934968413,9,2,0
565,33058,0.7045600082284864,0.25,0.5029641794347677,0.2667819235414344,7,1,0
566,65338,0.7281683683131233,0.5061502659574467,0.738612081470082,0.6197529369997418,35,4,1
567,68371,0.8952695417583614,0.3573079145002888,0.6106121561328045,0.086421462746191,10,2,0
568,55289,0.8194962108916879,0.5,0.4620508978944462,0.0491217832590115,3,2,0
569,13079,0.5843437813803025,0.2972938101142799,0.4295324383741215,0.7010416666666667,8,4,0
570,38390,0.613444213208502,0.4134067838573905,0.5761602156749471,0.7634571836677815,9,2,0
571,12617,0.8503264432466455,0.4131573295072808,0.646772377507439,0.6386746330360461,31,5,0
572,2778,0.7858498149521107,0.5,0.115939840012212,0.0947899247491638,7,6,0
573,29766,0.8245173166011894,0.4985886088976446,0.4992685076138256,0.4209599126718692,25,11,0
574,4761,0.7482824188518895,0.2647058823529411,0.5651250480379734,0.6829890143069491,24,2,0
575,1074,0.7479840208101076,0.5625,0.6414918761815662,0.1943053813638053,7,1,0
576,68348,0.7885634812940128,0.4628658724209907,0.3896630356969667,0.675609090486808,27,11,0
577,27114,0.5262741121178534,0.25,0.3211386629930824,0.5145763656633222,9,5,0
578,19925,0.8449114490767669,0.375490891885498,0.5348212375610211,0.3331231419546637,25,6,0
579,57089,0.6870977000053087,0.5,0.8988891391131745,0.2883912811222593,7,1,0
580,44719,0.7057310978000336,0.5,0.5248917942114344,0.6824455360460795,12,7,0
581,27920,0.8008903520995913,0.53125,0.8393078155028828,0.1807239409141583,10,1,0
582,19576,0.6557615373002601,0.2142857142857143,0.6985488743008976,0.2898144277220364,8,1,0
583,53596,0.8551619362594343,0.4812260536398467,0.5454009964575106,0.2011104724080267,20,9,0
584,44755,0.7268960539448593,0.5502871715743003,0.6935484522624069,0.4769201737272389,28,5,0
585,41367,0.6484349394663933,0.6505016722408026,0.5568478025658525,0.349087045810374,8,3,1
586,1184,0.8155262507028869,0.331820287169986,0.335689634921325,0.6333173657562244,60,16,0
587,36020,0.8142614765940623,0.5,0.4847517213913186,0.1137469226124117,10,5,0
588,53561,0.8856265121856437,0.5,0.4510080493579459,0.047812732255667,6,3,0
589,44637,0.7312456037320167,0.368421052631579,0.72336984382894,0.6049775292642141,14,1,0
590,69124,0.8879971776919454,0.3629716981132076,0.6367702051094478,0.5107197603121516,63,15,0
591,6011,0.878083504193027,0.3210072031793343,0.4402578931668162,0.6936173239502044,35,6,1
592,70058,0.728196612237118,0.5153518436903188,0.5475692362459181,0.7061980327945002,19,3,0
593,3822,0.610449182460052,0.125,0.473661897191309,0.257406052582683,5,1,0
594,61906,0.8135956784015697,0.5479171448285618,0.6368893209502494,0.2419085028799703,29,5,1
595,34744,0.5099059631555298,0.5,0.2773646516594634,0.0739827201783723,4,2,0
596,51716,0.7426607209215905,0.0,0.1304960178886887,0.0975473801560758,3,2,0
597,23735,0.7248687735355093,0.5,0.7503333015918697,0.2704033700297287,10,2,0
598,388,0.7214944952384565,0.2197742170429717,0.3634532117140228,0.4311123885172798,26,12,0
599,34914,0.8135103121516165,0.3333333333333333,0.7387626089343307,0.5406133872166481,26,1,0
600,12802,0.7679114610555712,0.5,0.4285413840680458,0.432110216926793,12,6,0
601,5593,0.6923449466403138,0.5505536130536131,0.6213194532598276,0.2988779148086213,11,6,0
602,64608,0.4455472802679235,0.2640492686682063,0.3353606299398617,0.6865669999189074,11,4,1
603,61921,0.6766749001367719,0.0424610051993068,0.5414375841505733,0.7826714046822743,11,2,0
604,55420,0.8057859725318965,0.5333333333333333,0.7146625862048779,0.2470160953177257,12,1,0
605,32938,0.7413280869032108,0.4108658743633276,0.3533412250696665,0.6412793803418804,30,14,0
606,62131,0.8874018330644822,0.406188322368421,0.1058421176555453,0.8284669964697139,18,8,0
607,14946,0.8254879810266704,0.6469762160654075,0.6500070423139143,0.7831846897064288,26,6,0
608,4271,0.8696412920601182,0.6804607508532423,0.6788300411073611,0.1991380411557042,19,4,1
609,20744,0.797446251743966,0.5,0.3541513643297055,0.417107081475288,14,8,0
610,8243,0.7245566945972161,0.3525427818308235,0.5860514315180054,0.6633846037718321,17,5,0
611,69845,0.6417578915314424,0.5,0.7842696138388957,0.4272572347640282,9,1,0
612,2916,0.7493246617249067,0.2437781629116118,0.6863286787787843,0.3774079106280193,21,2,0
613,33291,0.6462610155544939,0.25,0.6491168243364729,0.2571256038647343,7,1,0
614,41679,0.5980704263273788,0.0,0.3758127302944478,0.6763703084355258,9,4,0
615,37211,0.8314988743983772,0.3795012029501859,0.5879040971955246,0.398167502787068,20,8,0
616,64685,0.6174681809736158,0.375,0.4610878377582164,0.2870244565217391,5,1,0
617,69326,0.8260467438713854,0.4052383786426339,0.3375349065324315,0.6620308435525827,21,5,0
618,7265,0.7380409171849369,0.5670438472418671,0.6583436235317369,0.4435467762913415,25,5,1
619,20488,0.4913057166592581,0.5,0.2023160767105407,0.1739786557041991,5,4,0
620,12952,0.7396151470189456,0.5203030737458783,0.6786034643331502,0.3837159745447789,16,4,0
621,47586,0.5989146046917693,0.0714285714285714,0.4575900833876016,0.4443596711259754,8,2,0
622,43818,0.572088353074488,0.0575793184488836,0.5858986186335271,0.5460353957636567,9,4,0
623,4143,0.666473967042921,0.2857142857142857,0.7932845231975325,0.5078203386287625,16,1,0
624,51007,0.9052327201783724,0.5,0.0557491342494584,0.9119588442958008,6,3,0
625,6364,0.7574653452003501,0.3039118593711315,0.7949404347251272,0.3296962095875139,13,2,0
626,19449,0.7559330495653125,0.4552102376599635,0.1246694633063463,0.3611770136566332,24,12,0
627,11746,0.7470339426091785,0.6118074667943041,0.5946157002413069,0.4532170313080639,9,3,0
628,21545,0.8048779288075378,0.4643985928348919,0.5352271591122142,0.3917598592530658,22,8,0
629,36999,0.690164348356612,0.2864818024263431,0.7426328100670789,0.7475624767744333,15,2,0
630,42640,0.8347223102105598,0.3054363987230712,0.4737162804390242,0.4221014492753623,48,4,0
631,11347,0.7597379908524274,0.4636048526863086,0.6634527785045569,0.1505611877554812,12,3,0
632,50090,0.5472424798540012,0.0996533795493934,0.6773874474462829,0.7173306275548124,11,2,0
633,10544,0.7343431667751481,0.3735277621985418,0.3366130359452377,0.4398216857116314,14,5,0
634,28225,0.8542082875719776,0.4885703984135569,0.4547029363612269,0.1802289460237829,18,4,0
635,14085,0.6993582485600149,0.5,0.7258230554906087,0.2089882943143813,8,1,0
636,32734,0.8210430166527314,0.25,0.589691333725327,0.1824501811594203,9,2,0
637,55912,0.6116096648063671,0.6143847487001733,0.7744895585985878,0.8512649224266072,6,2,0
638,497,0.8868642378631743,0.5303292300716973,0.5914967106629947,0.3579713048123374,54,10,0
639,33603,0.6169306683021974,0.5,0.5304776477059412,0.2145676560758082,5,2,0
640,72056,0.6804218426501035,0.4166666666666666,0.5826962500710657,0.279281052582683,7,1,0
641,60912,0.7547745958751393,0.375,0.6808855476008306,0.6451226309921962,8,1,0
642,57329,0.632859338226186,0.4,0.54209578649118,0.3310691308992939,6,1,0
643,7169,0.6922529273432318,0.3891519736319594,0.647540381399178,0.778913507989595,12,3,0
644,72173,0.630138833606039,0.3181975736568458,0.6917559324989121,0.5648646530100334,13,2,0
645,3258,0.6979046651438521,0.4570292588439189,0.7923966403692538,0.5004883175399479,17,3,0
646,4584,0.4522212158901924,0.0,0.1518552100357459,0.7219969342251951,5,2,0
647,47964,0.8603279398537184,0.4220923470617412,0.6576899509106404,0.2212484903381642,18,3,0
648,2941,0.9102723004149634,0.5848130841121495,0.490712436786904,0.2255460911371237,30,9,0
649,70650,0.7255277915882732,0.255667379860331,0.3707415522883595,0.2221920289855072,9,4,0
650,39023,0.5189082350748295,0.2570768341998846,0.5556098725287811,0.2214351658305462,6,2,0
651,15660,0.6440535132717555,0.1526644854286607,0.2334664304140067,0.4429478469899666,17,3,0
652,30240,0.6291136833426236,0.3888888888888888,0.7753302719500452,0.292234822092159,8,1,0
653,21186,0.7800365406190608,0.3130529964425796,0.8277145187659904,0.2767192725752508,17,2,0
654,22751,0.8060816141777822,0.5576094550535631,0.7559481377653203,0.5127511264399851,11,3,0
655,29472,0.8723337119343906,0.4938917975567191,0.4609166004428514,0.3269294639539205,22,7,0
656,28652,0.7778260744783143,0.4553571428571429,0.3313954353787736,0.1896474939613526,6,3,0
657,362,0.5554647867491755,0.0707876370887338,0.493172580365563,0.7165345712560387,16,5,0
658,11475,0.8185117809881395,0.2692307692307691,0.1051718314150933,0.5348235437569677,21,17,0
659,46609,0.6391256385440052,0.3082191780821918,0.3896306571874457,0.2084631061872909,8,4,0
660,45136,0.6590809062616128,0.5,0.713419976862427,0.1664614107209216,4,1,0
661,25069,0.6341820574376782,0.2184008762322016,0.155382793398533,0.5042491174284652,21,12,0
662,65877,0.6798490984884249,0.5915077989601387,0.7693002245186216,0.3065417711817168,11,2,0
663,48112,0.9068082692796652,0.3125,0.8152371083573506,0.1097788345410628,19,1,0
664,5889,0.656468449357942,0.3888888888888888,0.6533782075590949,0.3480336654589372,9,1,0
665,37413,0.8151511054564706,0.4109859426150588,0.804343021946837,0.3833638168896321,23,2,0
666,57649,0.7700522085682457,0.5366062683643487,0.4687318022276603,0.402821906354515,25,8,0
667,16433,0.6841460170264518,0.2666666666666666,0.9125572141428376,0.897933505202527,11,1,0
668,35684,0.8435833357168805,0.5556325054048795,0.6367736919346054,0.6670243403939057,35,6,0
669,61809,0.6709336772407801,0.4461718829646244,0.5815538269956249,0.4033000627090301,16,2,0
670,42521,0.6142623602737478,0.5,0.6017838463011802,0.2531720317725752,6,2,0
671,12393,0.8874738541005383,0.3913324708926261,0.4379868507175459,0.0738021413972501,9,5,0
672,7410,0.5393296368049577,0.080915575330841,0.0497949441165508,0.7050085934596805,8,4,0
673,70943,0.5715014651138006,0.550837666088966,0.691108064280469,0.3690005458008175,8,3,0
674,12449,0.7768277298597666,0.32,0.7323215795916238,0.2833403010033445,19,1,0
675,29337,0.8308169826389673,0.3615056818181817,0.5543115542015842,0.4969902568747678,51,10,0
676,3380,0.7142292789830276,0.1462190985133722,0.191826503460632,0.8072486993682646,14,6,1
677,59717,0.6989055596845453,0.35,0.702319351774627,0.2928598801560758,9,1,0
678,68319,0.5372147079262217,0.0892531876138433,0.2679902209619915,0.3354619565217391,8,4,0
679,1281,0.5980169004841223,0.5,0.6500769203360041,0.6885918919546637,9,2,0
680,65126,0.8603557545379842,0.2714279532144208,0.6959848629899008,0.157381665737644,13,4,0
681,14549,0.5910614471076427,0.1999999999999999,0.6082343919039207,0.2704361761426979,6,1,0
682,8869,0.7317072119852619,0.3365932161426095,0.7622042426506875,0.4446465068747677,13,2,0
683,6422,0.8856956086154013,0.4131094283176739,0.4863727573380468,0.7754415760869565,30,7,0
684,5782,0.6003759716287662,0.0,0.199059039250648,0.5627078688219993,17,9,0
685,29002,0.6165295600146496,0.4084922010398614,0.6936407280135457,0.3039567656075808,9,2,0
686,55150,0.8064351996713464,0.5210864345738295,0.7440771250775392,0.6802954292084727,27,5,0
687,20147,0.4118018297037046,0.4858463316002311,0.5290933917752699,0.8014727912486065,6,2,0
688,71700,0.8613602882624621,0.75,0.783382226425997,0.0646152684875511,7,1,0
689,49831,0.8261120437564846,0.3752166377816291,0.6140678298300575,0.1812976124117428,11,2,0
690,21120,0.6159680960551375,0.3999999999999999,0.6355962669644033,0.1888250185804533,6,2,0
691,49203,0.5435147230684947,0.1385781503694622,0.3667159364159047,0.7736691750278707,16,7,0
692,19730,0.7178446411117272,0.3856152512998267,0.7538562524389869,0.4457610437569677,23,2,0
693,2913,0.903522721097989,0.5761682242990653,0.5114679372543457,0.2443921869193608,27,8,0
694,56172,0.5550711354428106,0.3333333333333332,0.6296214561779878,0.2773010730211817,5,2,0
695,36410,0.8131000621170059,0.5,0.4311222850979235,0.0571369263285024,5,2,0
696,20141,0.866012971395459,0.5,0.4185994488901656,0.1619225543478261,12,6,0
697,865,0.5193821024164902,0.0,0.3955631814240445,0.5787091230026012,11,3,0
698,19032,0.8494668812641076,0.3312434691745036,0.6429313257394718,0.3394190124489037,28,6,0
699,54549,0.8610284715292496,0.5960399350339162,0.6176621530411122,0.3806780704199182,39,7,0
700,17368,0.7744780633801798,0.125,0.6017273897985596,0.7188728051839465,22,6,0
701,39418,0.856587142671207,0.2543316831683169,0.4283080873987049,0.7753472222222223,30,5,0
702,54817,0.7686801507303231,0.3704872434298867,0.4800045390513696,0.4999547101449275,24,4,0
703,505,0.7376548676178465,0.5,0.0539608171140761,0.7833629459308807,17,15,0
704,44332,0.8144519165512477,0.319088319088319,0.402829490550344,0.2170156308063917,17,11,0
705,7387,0.6314472049861951,0.5,0.6914019676058172,0.1651451017279821,5,2,0
706,57450,0.7930772595860005,0.3788867366704047,0.873122847096641,0.3577285976402824,24,2,0
707,68572,0.5972342572886051,0.25,0.8321259746235853,0.5571941192865106,11,1,0
708,23536,0.9037869286510593,0.5,0.0107271277228396,0.895108695652174,3,2,0
709,11730,0.7709434115158145,0.6490766223924056,0.5983586925883401,0.3888981791155704,8,3,0
710,16664,0.7554670158773311,0.55412633723892,0.5166890309313098,0.5564369658119658,35,10,1
711,54536,0.5170661464139725,0.0,0.0555555555555555,0.7351170568561873,9,1,0
712,60228,0.5385766593590662,0.8193670690188796,0.3931651554076723,0.7323909559643256,9,4,0
713,22291,0.5613574985995852,0.0522847100175747,0.2401008165590503,0.460025606187291,14,3,0
714,49626,0.6354537220026351,0.4583333333333332,0.8378559044192073,0.4062679998141955,11,1,0
715,45225,0.8739327647656778,0.3207600360847993,0.5801508508923449,0.2458054626532887,27,3,0
716,33614,0.6261286830435491,0.5,0.5376125836456384,0.1962267163693794,5,2,0
717,47816,0.8087060211617517,0.5,0.4540273523224385,0.120681496191007,5,2,0
718,29570,0.7857764799463053,0.4628658724209907,0.3923631244283043,0.6786408979004088,28,11,0
719,11960,0.661903973894463,0.3888888888888888,0.7394380255892012,0.4074530843552583,8,1,0
720,55812,0.9038997115892292,0.082490771946718,0.402786095339986,0.1871588744890375,12,8,0
721,3370,0.8383713071348942,0.3461538461538461,0.6601192383070138,0.1206251741917502,10,1,0
722,3521,0.7104352471200297,0.5,0.6366882031859196,0.175771088814567,5,1,0
723,22845,0.503248385823114,0.5,0.5629761080332409,0.8173303372352285,4,1,0
724,19758,0.8228952679270463,0.5,0.4715122724600146,0.223348371887774,19,10,0
725,6506,0.9024085937329224,0.5,0.2575784915193071,0.0253054162021553,3,2,0
726,49013,0.7622025675863991,0.75,0.8394031643174334,0.5913179928465254,8,1,0
727,37073,0.8739060473043476,0.1280808950086058,0.7905505620278122,0.2838811663879598,23,4,0
728,48081,0.9003862309770398,0.2932457212713937,0.5378805256506909,0.1044581475287997,23,4,0
729,37731,0.6255296668978758,0.2916666666666665,0.4750157860088939,0.456201226309922,11,2,0
730,1460,0.6533356703808253,0.5,0.7342449734005887,0.3128626091601635,7,2,0
731,64656,0.775151643595937,0.3214285714285714,0.6339919847177912,0.5217983556298774,12,1,0
732,13897,0.7626319634471808,0.1071428571428569,0.8617262603133752,0.6002328363062059,11,1,0
733,44390,0.874186473118284,0.4705761454028352,0.6644227140811273,0.4179176537532516,47,4,0
734,24117,0.795740099272708,0.3999999999999999,0.6949676939197305,0.1587551676885916,7,1,0
735,69542,0.73353649968249,0.4716926632004622,0.7409313714664015,0.2122090997770345,7,2,0
736,50769,0.6107957354880863,0.2385491458281754,0.7771317899349355,0.3775565542549238,10,2,0
737,54284,0.7036380708820145,0.0303292894280763,0.4112431128379856,0.4185537439613526,9,2,0
738,65259,0.8205267007458847,0.6,0.6510561669185779,0.1380841230026012,7,2,0
739,6284,0.9131103004920118,0.6148382559774965,0.6631649523259442,0.2490210423634336,54,8,0
740,40336,0.6999239362690449,0.5,0.6258729250637777,0.1895566239316239,4,1,0
741,7995,0.614025266974602,0.2140381282495667,0.7724463492971019,0.4210522342995169,11,2,0
742,58270,0.5357894693970535,0.05,0.5484776793268995,0.5545847268673356,12,2,0
743,57024,0.7796461675480306,0.3928571428571429,0.7239596135572359,0.2939247723894463,11,2,0
744,61683,0.8078771930103124,0.2299597855227882,0.6126215570201349,0.5709189776105538,19,5,0
745,56610,0.8240106145401762,0.4001299826689775,0.641498846029794,0.4228821186361947,20,3,0
746,28120,0.7705473756538677,0.4337529976019185,0.4022498589493155,0.1704234020810107,9,4,0
747,43431,0.7478048828743273,0.0648148148148148,0.3673179149774181,0.4036705104979561,8,3,0
748,12612,0.5341175363413703,0.0424610051993068,0.3790013485722721,0.1375209030100334,4,2,0
749,57985,0.7445630399944259,0.5,0.6702517423330945,0.1936838071348941,8,1,0
750,52354,0.9005336306205871,0.4313725490196078,0.8523126054997747,0.1996913902824229,25,1,0
751,64005,0.5528631743357462,0.3252455228191797,0.5096574064730424,0.5279952271460424,9,3,0
752,53044,0.7605361807234077,0.6741767764298093,0.5943051979083681,0.1793963094574507,9,3,0
753,7745,0.6463623568320251,0.1719020797227037,0.4805067307626776,0.7325883732813081,15,4,0
754,38714,0.6191149731910601,0.2941176470588235,0.9164153404307512,0.6976005086399109,14,1,0
755,34223,0.6587282716169245,0.225476603119584,0.7179902076256478,0.319096060943887,8,2,0
756,46528,0.6107698888269542,0.0454545454545454,0.6377893518518518,0.6437932576179859,12,1,0
757,56362,0.8228316768818413,0.54546783625731,0.5891277170452948,0.2755748327759197,24,9,0
758,52143,0.8729354836021863,0.4389948006932409,0.7561949391298618,0.1077271460423634,14,2,0
759,22622,0.7217272573086118,0.3547529313232831,0.4917547167091511,0.6681957799145299,28,7,0
760,16112,0.8180095034900012,0.3694375772558713,0.3819683795829457,0.1603597640282422,11,4,0
761,12209,0.5645411919412053,0.5,0.336804471518508,0.678856024712003,7,4,0
762,62264,0.8798273443694136,0.1626593582558354,0.5026061795144227,0.4177893324972129,60,9,0
763,8150,0.81290209262356,0.5357142857142858,0.8263148332038108,0.1296163717019695,8,1,0
764,8877,0.7370500239732094,0.3596986817325801,0.3263993150743445,0.8353115709773319,15,5,1
765,11233,0.7901024894145633,0.1892128455873476,0.3587069778374261,0.441890212746191,31,4,0
766,13896,0.7677545088495221,0.0,0.4596144338212969,0.5941474475102193,11,3,0
767,7831,0.6624880110019207,0.3696852831390309,0.4510566614808839,0.7128785767372724,15,4,0
768,16312,0.7657528533232606,0.4787694974003467,0.6323554956049093,0.1039045080824972,7,2,0
769,31033,0.6779765442170781,0.5653627135429562,0.8305563378434873,0.2447730862133036,11,2,0
770,9530,0.77016204506462,0.3991769547325102,0.3499888560449797,0.42798129180602,29,12,0
771,44818,0.8527357671260979,0.2845160953177257,0.6727934117287995,0.5136313754180603,38,7,0
772,9152,0.8454281874492007,0.4632420091324201,0.4741604666824601,0.2606648899108138,21,5,0
773,55388,0.8341173904568058,0.4776045134527791,0.6096216356335477,0.6607270183017466,37,6,0
774,60796,0.5188750015264905,0.0363951473136916,0.4734192505240092,0.868100845410628,17,2,0
775,49520,0.7593516614409895,0.4677941176470588,0.2935402595951597,0.221679614920104,25,12,0
776,32936,0.7425176153977753,0.4396551724137931,0.363387730740736,0.4940629645113341,24,12,0
777,10482,0.7323848468422806,0.773339455157637,0.5535235463605819,0.1741511055369751,6,3,0
778,36977,0.6368032329988852,0.4,0.636825183607287,0.2831266257896693,6,1,0
779,13410,0.7757421425242612,0.5,0.269428180540721,0.2179002345782237,14,7,0
780,4214,0.7619763741646042,0.4375,0.6867771533335172,0.1678241708472686,8,2,0
781,30767,0.8268902384363412,0.5440647482014388,0.4522196561455258,0.1443582195280565,11,4,0
782,30450,0.7301640388596911,0.7857142857142857,0.6510610835314186,0.2318149619100706,7,1,0
783,34521,0.8844995885756755,0.3333333333333332,0.7076831865224722,0.0778033259011519,7,1,0
784,2942,0.871758662351461,0.5,0.4134767231153033,0.1491084285581568,19,10,0
785,64430,0.852573850325056,0.5,0.630718595317065,0.084096293199554,7,2,0
786,26788,0.8112981875210136,0.4722222222222222,0.8203725772547461,0.4016237574321813,21,1,0
787,55033,0.6439454137596469,0.0424610051993068,0.6052942076034261,0.7850195094760313,8,2,0
788,29313,0.7111808221933802,0.3191796649335645,0.8360089166801732,0.3677100752508361,13,2,0
789,44823,0.8909206881066365,0.2075617283950617,0.3080700414164309,0.2195181856187291,34,12,0
790,36113,0.8020093722809584,0.4468546637744034,0.3081996406207454,0.5491000092902267,20,9,0
791,32966,0.5756257178811527,0.1499999999999999,0.8841441272226396,0.5828174354329246,11,1,0
792,21598,0.6967387274647152,0.0363951473136916,0.730965764612405,0.3625238062058714,11,2,0
793,17620,0.6687467484206614,0.7,0.5421424694038689,0.3074693422519509,5,1,0
794,55417,0.8429871435352749,0.2818181818181818,0.5007305264340534,0.5281183226495727,29,12,0
795,37879,0.8571254232326189,0.375,0.0493046453599272,0.0428671381456707,5,2,0
796,62634,0.6052930361070701,0.0192703485704548,0.2703611345594932,0.3703003065774805,15,6,0
797,3116,0.6972909928266945,0.653444540727903,0.5445689033485803,0.7839914878298031,11,3,0
798,41346,0.7680459750092903,0.25,0.6553898974028924,0.359563127090301,8,1,0
799,17087,0.8515007850158922,0.4069602980139046,0.7640927539446103,0.303100613154961,23,2,0
800,48847,0.5697583327738058,0.0,0.1628144955237084,0.4114054951690821,13,13,0
801,51831,0.7033279511285586,0.5098452883263009,0.7560011827238255,0.6173643046265329,12,2,0
802,63473,0.9065496098104794,1.1102230246251563e-16,0.4698961420618649,0.2083612040133779,5,2,0
803,52998,0.6392481109872414,0.5,0.7153910968648022,0.0705975938312894,3,1,0
804,2627,0.7180531274281274,0.5,0.800113311527255,0.3471667711817168,11,1,0
805,5871,0.6602828293385359,0.3333333333333332,0.6419904303087507,0.1535404473244147,4,1,0
806,35716,0.8164065296599015,0.3485121190304776,0.2541999180055018,0.7345384499256782,16,4,0
807,24090,0.8303190280432129,0.3555555555555556,0.802195301664355,0.4905268719806763,28,1,0
808,54194,0.669970039018952,0.4499999999999999,0.786544184981685,0.4573381178000743,10,1,0
809,30019,0.6433926580665711,0.3333333333333332,0.6184012584012584,0.2361767233370494,7,1,0
810,68211,0.6568831547545315,0.4166666666666666,0.8951720295192263,0.4054243311036789,9,1,0
811,41937,0.864063615994518,0.4575389948006932,0.4281498990375009,0.1235936919360832,8,4,0
812,58013,0.6999802149970986,0.5,0.5994274434255976,0.1013035349312523,5,2,0
813,54551,0.8614131244249192,0.6169389509888221,0.6620276886346501,0.3898730722779636,40,7,0
814,36293,0.8272572145713621,0.5487736371548382,0.6820853948944341,0.563552698810851,42,9,0
815,7627,0.692826493403939,0.3333333333333332,0.4348083636816181,0.1992692656075808,4,1,0
816,25255,0.8041267039840749,0.5735089186176142,0.624282914461056,0.7412552838164251,28,5,0
817,62331,0.6203357415238585,0.3039118593711314,0.688211945483725,0.7938533537718321,14,2,0
818,17576,0.56049795615013,0.5,0.5934343434343434,0.689727331846897,3,1,0
819,15677,0.7471099761898796,0.5,0.6011387420136594,0.4344475798959494,12,6,0
820,32309,0.7087391689159642,0.5,0.5075297642804412,0.1060235507246376,5,2,0
821,21777,0.5168396445579226,0.4384705420737262,0.2981822461856522,0.7926836561687105,12,5,0
822,71246,0.8191254985495219,0.5,0.5573651701941046,0.1491789762170197,11,4,0
823,20910,0.6707336182336183,0.4761904761904761,0.6839372748463657,0.5476063150315867,15,1,0
824,8559,0.7102697649572649,0.55,0.8332186413466205,0.3666056995540691,10,1,0
825,11082,0.5850798959494612,0.1999999999999999,0.7402167182662538,0.2562592902266815,5,1,0
826,2517,0.8063260889062859,0.4016824395373292,0.5598440791763093,0.4763337281679673,26,4,0
827,45969,0.8038814364779983,0.0,0.0858107878561247,0.6237356582125604,14,12,0
828,11150,0.8785392287201212,0.3474870017331023,0.5865226242751767,0.1124584842995169,8,2,0
829,33709,0.5937407097733185,0.3,0.5268668152688771,0.2910953177257525,6,1,0
830,2573,0.7983266013170367,0.3348318713450292,0.6473173845779037,0.5701734369193608,31,4,0
831,35573,0.7928900907083958,0.4690656565656566,0.591997460585447,0.153198160535117,8,3,0
832,52170,0.5938204082853366,0.4636048526863086,0.4923161178520487,0.5485138540505389,8,3,0
833,58038,0.7309231907162781,0.3333333333333332,0.0572519046863919,0.0515061780007432,5,2,0
834,9438,0.7240503646413972,0.5,0.7526954995303066,0.2266704988851728,8,1,0
835,65512,0.7924429365691907,0.5,0.8700850659346668,0.6071944096060944,13,1,0
836,44255,0.96915340464217,1.1102230246251563e-16,0.0777966582691243,0.9740030425492382,16,13,0
837,39096,0.5814760026298488,0.2307692307692308,0.8969687944783815,0.4468413229282794,13,1,0
838,47417,0.5907855731225296,0.3636363636363636,0.8048068871302863,0.5330270461724266,11,1,0
839,17587,0.8052485393298109,0.3078601315002988,0.7375490565612706,0.701833948810851,26,3,0
840,37940,0.7608242825612846,0.3923437659292487,0.7770053321036713,0.4537837351356373,15,2,0
841,9075,0.8466549360127532,0.5129821421181144,0.6410309270904702,0.5888764051467856,21,4,0
842,15668,0.6039584702198437,0.4237435008665512,0.7070776740822123,0.3652356814381271,9,2,0
843,2013,0.6409692028985507,0.1999999999999999,0.6218038262982083,0.2043591485507246,5,1,0
844,650,0.7882710446354999,0.5,0.0898680803125292,0.7854314729654404,24,22,0
845,22730,0.7400572569999412,0.3333333333333333,0.0834953245235976,0.772583089464883,15,11,0
846,56300,0.7186040953230077,0.3497304266291607,0.729371283643629,0.6115082683017465,18,3,0
847,59010,0.4735627898832198,0.0425394021513868,0.0646228173183152,0.899082299795615,13,6,0
848,36525,0.7114934115076001,0.5,0.3411636948210095,0.2804440728353772,11,4,0
849,9895,0.891965560355506,0.3333333333333332,0.466769352227981,0.0394747538089929,5,2,0
850,8134,0.7438804115570421,0.4375,0.8076545330358326,0.356195419918246,11,2,0
851,31630,0.7580826097484272,0.4294507575757575,0.2395294297719957,0.4689686106465998,24,9,0
852,69867,0.8920557606543497,0.3427209705372618,0.7962624283732842,0.2446247329059829,27,2,0
853,38250,0.8262499557303824,0.599464998869716,0.7573431215804853,0.2985089186176143,20,2,0
854,492,0.7565374958493702,0.1164250769961339,0.4683044424106882,0.1530579361761427,9,3,0
855,66262,0.7418049800051775,0.1253280488458036,0.4091254946606965,0.8328627252879971,24,7,0
856,48535,0.7842833988881999,0.5,0.42795575594511,0.1608515654031958,5,2,0
857,66870,0.7602347092257518,0.4481291654353225,0.4050633986443761,0.5403904217762914,19,8,0
858,2561,0.8455892164167725,0.4730079376847864,0.4148192341001686,0.4105780843552583,26,11,0
859,26922,0.8323834076551467,0.5909090909090909,0.8204096336149598,0.1061161626718692,7,1,0
860,13921,0.5068039297658863,0.1666666666666666,0.4916122327790974,0.2698323114083983,4,1,0
861,59557,0.7851835680341739,0.2164601667298767,0.4164359635936761,0.2470944816053512,15,4,0
862,35417,0.7477307561410483,0.341147132169576,0.4022440222971981,0.4431937476774433,26,13,0
863,66150,0.7673894974872465,0.5,0.0506622359837725,0.3569087351356373,9,7,0
864,48709,0.8879329871173383,0.4277311303072451,0.2081968747285377,0.8588158444816054,15,6,1
865,51057,0.6379233799155322,0.2513227513227513,0.3142514989277529,0.8276218761612784,11,4,0
866,2128,0.7185001314677865,0.3262564991334489,0.6850148976417467,0.2483655007432181,10,2,0
867,13895,0.7681363498722253,0.0,0.4596144338212969,0.6418759870865849,12,3,1
868,37081,0.6994104801726919,0.2712305025996534,0.4160901971041605,0.1245868752322556,5,2,0
869,35472,0.5729764985391239,0.1041016302462712,0.3274675096562265,0.4757435084541063,16,8,0
870,20233,0.74189122609739,0.1999999999999999,0.6552930027417635,0.2153375836120401,7,2,0
871,37461,0.5948327336914293,0.25,0.5828300865800865,0.4887109229840208,11,1,0
872,17085,0.8522149523582041,0.3943385326400925,0.7806763892127953,0.2188847082868822,19,2,0
873,45855,0.6851159633358601,0.575827205882353,0.5941519390035283,0.5093767419175028,10,3,0
874,21172,0.8418596583091912,0.5315336837075968,0.4255948248526475,0.3850999280007432,40,12,0
875,53193,0.6654141369833224,0.4227771620607057,0.4538389888506974,0.4161766072092159,8,2,0
876,47646,0.9532748049052396,1.1102230246251563e-16,0.4981364570166866,0.1796822742474916,3,2,0
877,62722,0.7852438122388976,0.0838323353293413,0.3968860004456964,0.16254587049424,13,7,0
878,25635,0.5035912235655214,0.3333333333333332,0.0581018649577449,0.0998975171869193,5,2,0
879,21397,0.9106612868284228,0.1666666666666666,0.2442648929016692,0.0508355397621702,6,3,0
880,50770,0.7866346330986679,0.2790300546448088,0.6244129851426693,0.4864330755295429,22,5,0
881,15001,0.9002726817013502,0.2140221402214022,0.4501962286962184,0.5133073787625418,71,17,0
882,19605,0.4425909453892803,0.0,0.1915760869565217,0.9576342437755482,7,7,0
883,62483,0.8047337022880501,0.5138888888888888,0.7991238279349298,0.6989432367149758,21,1,0
884,8717,0.716302110021798,0.417298526863085,0.6314827257081982,0.5281679672984021,29,9,1
885,37325,0.7858732708424706,0.4400924321201618,0.6920439631542001,0.6467487109810479,24,2,0
886,21050,0.8540523404102827,0.4206239168110919,0.7743820759922182,0.3796390166295058,20,2,0
887,7738,0.7362981749661351,0.5,0.573209175653656,0.1921726937012263,8,2,0
888,50563,0.5936860601853513,0.4349708262751741,0.2355661610940944,0.7389785976402824,14,6,0
889,879,0.7128264353400222,0.25,0.7004973509429062,0.2964505527684876,10,1,0
890,68441,0.8873542828098344,0.4313691507798961,0.7487885089291637,0.3563182251021925,17,2,0
891,42020,0.8260937348528913,0.4556159420289855,0.6701018310969878,0.1236447881828316,10,3,0
892,62574,0.8297408159698172,0.2540556442800705,0.4626535544171161,0.1601237342066146,16,9,0
893,46312,0.8657461828896615,0.5720147533425541,0.5339646477457145,0.2326568887030843,24,6,0
894,36980,0.8340101123929585,0.3615307150050353,0.4924609932126131,0.1734958542363433,10,5,0
895,60876,0.6850726806635539,0.0528805511088728,0.2164384682739994,0.6842681623931625,11,6,0
896,32484,0.7487077669032214,0.5714285714285714,0.7689571972391096,0.3135178604607953,12,2,0
897,69351,0.5523194748163394,0.5,0.4787765369543686,0.8104166666666667,4,2,0
898,33289,0.8281136281240997,0.0876685934489402,0.2694752194390922,0.4770673657562245,30,14,0
899,12921,0.8038705050101367,0.0338087248322148,0.425239673044522,0.6344083867521367,30,6,0
900,36434,0.6659027132116149,0.0481335952848722,0.2550475726043546,0.8709575901151988,13,6,0
901,43736,0.5397944924439488,0.0999999999999999,0.7136162184284209,0.2866534280936454,6,1,0
902,56999,0.7785164564161016,0.4618380062305296,0.3350111991160376,0.2160511891490152,16,11,0
903,30358,0.5428258401168531,0.2387869862096665,0.5814890998788875,0.9198334726867337,10,3,0
904,32808,0.8915716773190305,0.4688402657423455,0.5143960512826403,0.1604387309550353,27,9,0
905,53065,0.6740031945016027,0.5,0.6450248997643604,0.1051453339836492,6,2,0
906,60906,0.8842728521710546,0.5245901639344263,0.8102074669708227,0.2537593482905983,26,1,0
907,68335,0.7229114284829087,0.2871776840131271,0.6876337160854353,0.6959024293942773,15,4,0
908,10128,0.7852438122388976,0.0838323353293413,0.3968860004456964,0.16254587049424,13,7,0
909,52188,0.8975558961972006,0.5,0.6113388656993308,0.0253791573764399,3,1,0
910,2101,0.7121376932351049,0.1428571428571428,0.2798500251898875,0.3334657190635451,7,2,0
911,3196,0.6176840626161277,0.2272727272727273,0.8077691099990187,0.4228077968227425,10,1,0
912,7701,0.8443357639539635,0.5,0.4892720500367692,0.2648820721850613,27,11,0
913,9140,0.712041154123964,0.5702065559048046,0.7639278948379791,0.567323950204385,31,4,0
914,22347,0.8252044760577817,0.4422711892382602,0.860730405578239,0.8350944119286511,15,2,0
915,28110,0.8856749654580431,0.4829149232914923,0.483130197052015,0.3690557065217391,33,17,0
916,40928,0.680137753416739,0.0999999999999999,0.3038194444444444,0.3430648457822371,9,1,0
917,64417,0.8589038578802314,0.4911880248979209,0.3034664297168254,0.3917906331289483,22,11,0
918,69286,0.5074550198191502,0.25,0.5993741820640207,0.2395844946116685,3,1,0
0,adoption_1,0.7805972504835411,0.3896294966016467,0.446537332189254,0.5371094648690932,26,5,0
1,banking_1,0.768264637450303,0.4693406177313788,0.549152000531314,0.7737772051718586,47,6,0
2,banking_2,0.8336828929568361,0.2408781362007168,0.2323886282441084,0.3629733584870934,51,8,0
3,banking_3,0.6867103141914952,0.5,0.835315643299748,0.2519325449776837,15,2,0
4,banking_4,0.7512704182579488,0.3893333333333333,0.4618529411764706,0.1366585377076335,8,2,0
5,banking_5,0.7755031480861074,0.0804407713498625,0.6792825393726523,0.310438043528275,23,3,0
6,banking_6,0.6386616325584997,0.1973012399708242,0.535576114472047,0.3572907559931901,13,3,0
7,email_1,0.8012374896022503,0.1616915422885572,0.6184905697997427,0.455965582294207,40,9,0
8,email_2,0.7943839408152569,0.3436152570480928,0.6297224068500104,0.4542976119265633,39,9,0
9,email_3,0.8026979110049068,0.1877064642282033,0.6104312504687809,0.4481251437773177,42,10,0
10,email_4,0.7888591063806629,0.3470836105566643,0.4992160279814438,0.2932176873878434,23,6,0
11,instagram_1,0.8381531110080047,0.4822106714755489,0.6015033641871667,0.6241970749170169,31,5,0
12,instagram_2,0.8258807971426076,0.1260877629396875,0.4875262489554449,0.687594901762297,41,5,0
13,letterboxd_1,0.7953348623388914,0.219188767550702,0.36390793045017,0.5909734045000691,26,11,0
14,letterboxd_2,0.8235954880811828,0.25161057748215,0.677434419177982,0.2853379653062163,30,7,0
15,letterboxd_3,0.7414832376179502,0.3156960227272727,0.7129640083022534,0.6080729765793954,23,6,0
16,lieferando_1,0.863029772655852,0.2936480110680162,0.4560533262621096,0.6192081166889063,46,10,0
17,lieferando_2,0.6322448420313544,0.2239608302704239,0.2815756421842104,0.5522477338609488,29,5,0
18,lifestyle_1,0.7607893389346082,0.3002921604300863,0.4512457054131454,0.5933718308563015,18,5,0
19,lifestyle_2,0.8038495848805609,0.3606536200994639,0.5959997834607552,0.4727718216537063,21,4,0
20,nextbike_1,0.8684693170331413,0.1032338308457712,0.5969109198823566,0.0938894768324667,8,3,0
21,nextbike_2,0.7380527246701813,0.5328713574982232,0.8088953865128141,0.6167579257350573,26,2,0
22,nextbike_3,0.8172817313335667,0.3538963679241795,0.7853182245668735,0.2464685041181613,29,3,0
23,nextbike_4,0.8544752429302176,0.1463134577084095,0.5690824282899392,0.1464658781449417,12,4,0
24,nextbike_5,0.8672778068707994,0.1180662110010694,0.590617854786621,0.1110293102654948,10,4,0
25,play_store_1,0.7473775578263401,0.1979640935430463,0.2565495858018649,0.6642548198592003,29,13,0
26,play_store_2,0.812870302954845,0.2586206896551724,0.786671666994557,0.1998113467997975,17,1,0
27,prime_1,0.8358192304346865,0.2247330836495378,0.4633913552789236,0.6860390880228224,40,8,0
28,prime_2,0.819860197051522,0.1282716850529959,0.5095853663041239,0.4825035660056136,38,4,0
29,reddit_1,0.7833590029009185,0.4233178610513605,0.5571674366263919,0.6777021119955828,24,5,0
30,running_1,0.8981750989402976,0.1138750690989498,0.6022335920945001,0.1298083559563797,16,3,0
31,settings_1,0.7323522926854965,0.4285989469628868,0.3695082247671584,0.352447890305066,31,12,0
32,shopping_1,0.8018277438359109,0.131199538638985,0.2387088033566921,0.7035844108038467,22,8,0
33,shopping_2,0.8051639520341505,0.1198461754583127,0.2472334900736821,0.7551189435420789,26,9,0
34,shopping_3,0.801020362059671,0.131199538638985,0.2383492927598138,0.7055169557815304,22,8,0
35,shopping_4,0.823178159519523,0.3093958916765607,0.4842907257591003,0.5312888234482124,29,8,0
36,shopping_5,0.7992518115021932,0.131199538638985,0.2367971200240859,0.709750149542171,22,8,0
37,spotify_1,0.7757143631700416,0.3001658374792704,0.6069809168273412,0.5406323333179958,42,4,0
38,spotify_2,0.862409006056589,0.4322946823643785,0.7243575863550056,0.3913202273040997,41,3,0
39,tiktok_1,0.9240255281917946,0.5440825849360198,0.6883561383446344,0.1443053190999862,20,4,0
40,tricount_1,0.7055962275111581,0.2823738680465717,0.611568140428847,0.4941103391156306,48,13,0
41,tricount_2,0.7459219363321996,0.4365314685314685,0.6117070121631998,0.3459370542492983,22,5,0
42,tricount_3,0.7450105490645798,0.4365314685314685,0.5803139997175557,0.3602931026549487,23,5,0
43,whatsapp_1,0.7435388110292873,0.306443970623075,0.3890547263681592,0.5267335388579579,38,3,0
44,whatsapp_2,0.743210994441305,0.3605657582566562,0.4074933202516912,0.5291147103483183,40,2,0
45,whatsapp_3,0.8216125170467937,0.342328760239208,0.6925290499354193,0.409452215524778,31,4,0
46,whatsapp_4,0.783842965260615,0.2557470988772162,0.5647266510813531,0.538212514854731,42,4,0
